timestamp,open,high,low,close,volume
2024-09-30 22:00:00,5813.00,5813.75,5800.75,5808.50,26369
2024-10-01 02:00:00,5808.25,5819.25,5804.75,5811.00,43436
2024-10-01 06:00:00,5810.75,5812.25,5733.00,5757.75,1105540
2024-10-01 10:00:00,5757.75,5783.75,5735.75,5758.25,626117
2024-10-01 14:00:00,5761.75,5762.50,5742.50,5755.25,29018
2024-10-01 18:00:00,5755.50,5763.50,5746.75,5750.25,23650
2024-10-01 22:00:00,5750.00,5757.25,5738.75,5750.25,46640
2024-10-02 02:00:00,5750.50,5757.75,5735.75,5752.50,84808
2024-10-02 06:00:00,5752.50,5772.25,5724.00,5751.25,659171
2024-10-02 10:00:00,5751.25,5773.25,5748.00,5770.00,346853
2024-10-02 14:00:00,5769.50,5772.75,5756.00,5759.75,18841
2024-10-02 18:00:00,5759.75,5762.25,5748.25,5748.50,29859
2024-10-02 22:00:00,5748.75,5754.00,5726.50,5739.25,66363
2024-10-03 02:00:00,5739.50,5759.25,5736.50,5744.25,65895
2024-10-03 06:00:00,5744.50,5770.00,5729.25,5735.00,757857
2024-10-03 10:00:00,5735.00,5754.25,5725.75,5744.00,424850
2024-10-03 14:00:00,5744.00,5751.75,5741.00,5748.00,15153
2024-10-03 18:00:00,5748.00,5763.25,5745.25,5751.25,25525
2024-10-03 22:00:00,5751.50,5758.50,5743.50,5750.25,32090
2024-10-04 02:00:00,5750.50,5800.50,5749.50,5799.50,136120
2024-10-04 06:00:00,5799.50,5803.25,5749.50,5780.50,767797
2024-10-04 10:00:00,5780.75,5804.75,5765.75,5795.50,399359
2024-10-06 14:00:00,5804.00,5808.00,5795.25,5797.50,23389
2024-10-06 18:00:00,5797.50,5805.75,5793.50,5795.75,28242
2024-10-06 22:00:00,5795.75,5796.50,5773.25,5773.75,56767
2024-10-07 02:00:00,5773.50,5781.00,5762.75,5778.25,68656
2024-10-07 06:00:00,5778.25,5788.75,5769.75,5775.00,455756
2024-10-07 10:00:00,5775.25,5778.75,5734.25,5750.00,507030
2024-10-07 14:00:00,5751.75,5754.50,5725.25,5751.25,40860
2024-10-07 18:00:00,5751.25,5752.25,5739.75,5747.00,32499
2024-10-07 22:00:00,5747.00,5754.25,5736.25,5753.00,53069
2024-10-08 02:00:00,5753.00,5770.75,5753.00,5766.00,73338
2024-10-08 06:00:00,5766.25,5795.00,5763.75,5788.50,492716
2024-10-08 10:00:00,5788.50,5806.75,5774.50,5798.25,396048
2024-10-08 14:00:00,5798.00,5800.25,5793.75,5795.25,8961
2024-10-08 18:00:00,5795.50,5797.75,5787.50,5788.75,17842
2024-10-08 22:00:00,5789.00,5793.25,5780.75,5788.25,36072
2024-10-09 02:00:00,5788.25,5801.25,5787.75,5797.50,46364
2024-10-09 06:00:00,5797.75,5840.00,5793.75,5828.00,498363
2024-10-09 10:00:00,5828.00,5846.50,5818.75,5836.50,449296
2024-10-09 14:00:00,5835.75,5841.00,5834.25,5839.50,10690
2024-10-09 18:00:00,5839.25,5842.75,5837.50,5840.75,14399
2024-10-09 22:00:00,5840.50,5842.25,5828.25,5830.50,35968
2024-10-10 02:00:00,5830.75,5844.00,5814.75,5820.75,119751
2024-10-10 06:00:00,5820.75,5843.25,5812.75,5829.25,473661
2024-10-10 10:00:00,5829.25,5834.25,5811.50,5831.00,404956
2024-10-10 14:00:00,5830.50,5837.75,5829.00,5833.50,11978
2024-10-10 18:00:00,5833.50,5836.50,5829.50,5830.00,10112
2024-10-10 22:00:00,5830.00,5830.50,5816.00,5817.00,25472
2024-10-11 02:00:00,5817.25,5837.75,5816.25,5825.75,60938
2024-10-11 06:00:00,5826.00,5866.25,5822.75,5853.50,498025
2024-10-11 10:00:00,5853.50,5868.25,5848.50,5853.25,349614
2024-10-13 14:00:00,5855.50,5860.25,5852.00,5855.25,14350
2024-10-13 18:00:00,5855.00,5857.25,5850.00,5855.75,13352
2024-10-13 22:00:00,5856.00,5865.75,5855.75,5863.00,24582
2024-10-14 02:00:00,5863.00,5874.50,5863.00,5873.00,42320
2024-10-14 06:00:00,5873.25,5905.50,5873.00,5904.00,399902
2024-10-14 10:00:00,5904.00,5918.50,5898.50,5913.75,348179
2024-10-14 14:00:00,5911.50,5914.50,5906.50,5909.50,15969
2024-10-14 18:00:00,5909.25,5915.50,5908.75,5913.50,13402
2024-10-14 22:00:00,5913.25,5913.75,5902.50,5904.75,32797
2024-10-15 02:00:00,5904.75,5911.25,5902.25,5910.25,53256
2024-10-15 06:00:00,5910.50,5914.00,5877.50,5883.00,638058
2024-10-15 10:00:00,5883.25,5884.75,5850.00,5860.75,526400
2024-10-15 14:00:00,5860.75,5866.50,5853.75,5863.75,14904
2024-10-15 18:00:00,5863.50,5869.00,5860.75,5868.00,15191
2024-10-15 22:00:00,5868.00,5868.25,5855.75,5862.50,38029
2024-10-16 02:00:00,5862.25,5869.00,5861.00,5863.25,41875
2024-10-16 06:00:00,5863.25,5878.25,5853.25,5878.00,437237
2024-10-16 10:00:00,5878.25,5892.75,5873.25,5883.75,340211
2024-10-16 14:00:00,5884.25,5884.50,5873.00,5878.75,12925
2024-10-16 18:00:00,5878.75,5880.75,5871.25,5873.75,14495
2024-10-16 22:00:00,5873.25,5908.50,5873.00,5908.00,56126
2024-10-17 02:00:00,5908.25,5919.75,5905.50,5918.75,75326
2024-10-17 06:00:00,5918.75,5927.25,5886.50,5907.25,589074
2024-10-17 10:00:00,5907.25,5910.50,5884.75,5887.50,415759
2024-10-17 14:00:00,5888.50,5893.75,5876.25,5884.25,16983
2024-10-17 18:00:00,5884.25,5888.75,5882.75,5885.50,15333
2024-10-17 22:00:00,5885.50,5899.75,5884.75,5897.25,32112
2024-10-18 02:00:00,5897.50,5902.50,5892.00,5900.25,44123
2024-10-18 06:00:00,5900.25,5914.00,5886.50,5908.00,442020
2024-10-18 10:00:00,5908.00,5915.50,5899.25,5907.50,331311
2024-10-20 14:00:00,5911.75,5915.50,5910.75,5912.75,9229
2024-10-20 18:00:00,5912.75,5914.75,5905.25,5906.00,11354
2024-10-20 22:00:00,5905.75,5906.50,5899.00,5904.00,24318
2024-10-21 02:00:00,5904.00,5904.50,5883.00,5892.75,56290
2024-10-21 06:00:00,5892.75,5908.50,5865.00,5887.75,562524
2024-10-21 10:00:00,5888.00,5901.00,5881.25,5898.75,355641
2024-10-21 14:00:00,5899.00,5900.50,5887.50,5888.00,14161
2024-10-21 18:00:00,5887.75,5890.25,5882.25,5882.50,17931
2024-10-21 22:00:00,5882.50,5887.75,5875.50,5875.50,32514
2024-10-22 02:00:00,5875.50,5877.25,5861.50,5867.50,79957
2024-10-22 06:00:00,5867.75,5885.50,5861.25,5884.75,464599
2024-10-22 10:00:00,5884.75,5904.25,5881.75,5887.00,385132
2024-10-22 14:00:00,5884.00,5890.75,5881.00,5884.00,11646
2024-10-22 18:00:00,5884.00,5890.00,5882.00,5888.25,12799
2024-10-22 22:00:00,5888.25,5893.75,5882.50,5883.00,31724
2024-10-23 02:00:00,5882.75,5886.00,5870.75,5872.00,57947
2024-10-23 06:00:00,5872.25,5874.75,5833.50,5838.50,640524
2024-10-23 10:00:00,5838.75,5847.00,5801.00,5842.00,650150
2024-10-23 14:00:00,5844.50,5852.50,5838.50,5852.25,16034
2024-10-23 18:00:00,5852.00,5854.50,5846.25,5849.50,18260
2024-10-23 22:00:00,5849.50,5866.75,5846.75,5862.00,37864
2024-10-24 02:00:00,5862.00,5870.00,5860.25,5862.75,52088
2024-10-24 06:00:00,5862.75,5866.75,5822.50,5846.00,593200
2024-10-24 10:00:00,5846.00,5856.75,5837.75,5852.75,399714
2024-10-24 14:00:00,5851.75,5854.00,5847.00,5853.00,13368
2024-10-24 18:00:00,5852.75,5855.50,5844.75,5846.00,13658
2024-10-24 22:00:00,5846.00,5860.25,5844.25,5858.25,32129
2024-10-25 02:00:00,5858.00,5872.00,5858.00,5871.25,49449
2024-10-25 06:00:00,5871.50,5900.75,5869.50,5875.25,570161
2024-10-25 10:00:00,5875.25,5875.25,5835.00,5841.50,616321
2024-10-27 14:00:00,5864.25,5881.25,5858.00,5874.50,32450
2024-10-27 18:00:00,5874.50,5880.50,5870.00,5879.00,28304
2024-10-27 22:00:00,5879.25,5883.50,5868.50,5881.00,43585
2024-10-28 02:00:00,5881.50,5884.50,5864.25,5879.50,72423
2024-10-28 06:00:00,5879.25,5881.75,5860.00,5864.50,454577
2024-10-28 10:00:00,5864.75,5872.75,5859.50,5864.25,352147
2024-10-28 14:00:00,5864.25,5864.75,5855.25,5861.00,14773
2024-10-28 18:00:00,5860.75,5862.75,5850.25,5857.25,25066
2024-10-28 22:00:00,5857.50,5869.50,5854.75,5864.50,40259
2024-10-29 02:00:00,5864.25,5865.25,5848.00,5850.25,79224
2024-10-29 06:00:00,5850.00,5874.75,5837.50,5873.75,562138
2024-10-29 10:00:00,5873.75,5883.75,5867.50,5878.00,412016
2024-10-29 14:00:00,5881.00,5891.50,5880.25,5890.50,19663
2024-10-29 18:00:00,5890.25,5893.00,5877.00,5877.25,25335
2024-10-29 22:00:00,5877.00,5886.00,5874.50,5880.25,38410
2024-10-30 02:00:00,5879.75,5885.00,5866.50,5868.50,96020
2024-10-30 06:00:00,5868.50,5886.75,5845.50,5873.25,577065
2024-10-30 10:00:00,5873.00,5876.25,5840.25,5845.25,526003
2024-10-30 14:00:00,5843.75,5844.00,5827.00,5832.00,41514
2024-10-30 18:00:00,5832.00,5838.25,5825.00,5826.00,25975
2024-10-30 22:00:00,5826.00,5826.50,5801.00,5805.25,72875
2024-10-31 02:00:00,5805.25,5820.00,5801.50,5813.25,99780
2024-10-31 06:00:00,5813.25,5815.50,5750.50,5763.25,838747
2024-10-31 10:00:00,5763.25,5770.50,5733.25,5738.50,785700
2024-10-31 14:00:00,5746.50,5751.50,5737.00,5743.75,25436
2024-10-31 18:00:00,5743.50,5751.00,5732.50,5748.00,25553
2024-10-31 22:00:00,5748.00,5757.00,5740.50,5753.75,56231
2024-11-01 02:00:00,5753.75,5769.50,5752.75,5766.50,117417
2024-11-01 06:00:00,5766.50,5803.75,5755.50,5777.00,734567
2024-11-01 10:00:00,5777.00,5786.00,5752.50,5759.25,556911
2024-11-03 14:00:00,5745.75,5761.25,5742.25,5759.25,35640
2024-11-03 18:00:00,5759.50,5774.75,5758.75,5772.00,26337
2024-11-03 22:00:00,5772.00,5776.50,5758.00,5765.25,50110
2024-11-04 02:00:00,5765.25,5774.50,5755.75,5762.25,64052
2024-11-04 06:00:00,5762.25,5771.50,5724.25,5750.75,667265
2024-11-04 10:00:00,5750.75,5758.75,5737.50,5749.00,429325
2024-11-04 14:00:00,5749.00,5750.00,5735.00,5747.00,24111
2024-11-04 18:00:00,5747.00,5750.25,5742.00,5746.75,16385
2024-11-04 22:00:00,5746.75,5756.75,5743.75,5753.50,35673
2024-11-05 02:00:00,5753.25,5758.50,5746.50,5750.50,45977
2024-11-05 06:00:00,5750.50,5811.00,5747.50,5807.25,561422
2024-11-05 10:00:00,5807.00,5823.25,5792.50,5822.25,457563
2024-11-05 14:00:00,5820.25,5854.50,5814.75,5844.75,76988
2024-11-05 18:00:00,5844.50,5894.75,5841.25,5883.75,159686
2024-11-05 22:00:00,5883.75,5954.00,5878.25,5948.50,186527
2024-11-06 02:00:00,5948.50,5951.75,5919.50,5933.50,150813
2024-11-06 06:00:00,5933.25,5943.00,5900.75,5940.75,814632
2024-11-06 10:00:00,5940.50,5967.00,5939.50,5966.25,512550
2024-11-06 14:00:00,5961.75,5963.25,5951.00,5960.50,25306
2024-11-06 18:00:00,5960.50,5970.25,5957.25,5969.25,24414
2024-11-06 22:00:00,5969.50,5973.00,5959.25,5967.50,50103
2024-11-07 02:00:00,5967.50,5977.00,5964.75,5973.25,77126
2024-11-07 06:00:00,5973.25,6002.00,5971.00,6000.50,485395
2024-11-07 10:00:00,6000.50,6013.00,5985.50,6006.50,551034
2024-11-07 14:00:00,6005.00,6009.00,6002.00,6005.25,15526
2024-11-07 18:00:00,6005.25,6009.75,6001.25,6007.50,16016
2024-11-07 22:00:00,6007.50,6010.00,6002.25,6006.25,39646
2024-11-08 02:00:00,6006.50,6006.50,5990.25,5998.25,82439
2024-11-08 06:00:00,5998.25,6027.00,5997.50,6024.75,466309
2024-11-08 10:00:00,6024.75,6040.50,6020.00,6023.50,439423
2024-11-10 14:00:00,6031.75,6038.50,6029.50,6035.25,25018
2024-11-10 18:00:00,6035.25,6038.50,6032.25,6036.25,14777
2024-11-10 22:00:00,6036.50,6044.50,6035.50,6041.25,38817
2024-11-11 02:00:00,6041.25,6053.25,6039.50,6042.50,66171
2024-11-11 06:00:00,6042.50,6045.25,6026.00,6026.00,466380
2024-11-11 10:00:00,6026.00,6033.50,6013.50,6028.50,402128
2024-11-11 14:00:00,6027.50,6029.00,6022.75,6025.25,11097
2024-12-05 06:00:00,6096.75,6107.25,6090.25,6106.50,443735
2024-12-05 10:00:00,6106.50,6106.75,6081.50,6085.75,501464
2024-12-05 14:00:00,6085.50,6085.50,6079.50,6083.25,14971
2024-12-05 18:00:00,6083.25,6086.75,6080.75,6084.75,12438
2024-12-05 22:00:00,6084.75,6089.00,6083.25,6084.75,22670
2024-12-06 02:00:00,6085.25,6100.75,6076.00,6094.50,78856
2024-12-06 06:00:00,6094.50,6111.00,6090.50,6093.50,537006
2024-12-06 10:00:00,6093.50,6103.75,6090.00,6096.75,410829
2024-12-08 14:00:00,6095.75,6103.00,6094.00,6098.00,16761
2024-12-08 18:00:00,6098.00,6099.00,6093.25,6095.50,11891
2024-12-08 22:00:00,6095.25,6105.50,6094.50,6096.00,36369
2024-12-09 02:00:00,6096.00,6098.75,6088.50,6096.50,54146
2024-12-09 06:00:00,6096.50,6098.50,6065.00,6072.00,643505
2024-12-09 10:00:00,6072.00,6083.25,6060.00,6063.25,513715
2024-12-09 14:00:00,6063.00,6063.75,6059.50,6060.25,20455
2024-12-09 18:00:00,6060.50,6063.75,6060.00,6061.50,13236
2024-12-09 22:00:00,6061.50,6064.00,6057.50,6060.00,29162
2024-12-10 02:00:00,6059.75,6071.75,6059.75,6066.50,56482
2024-12-10 06:00:00,6066.75,6075.25,6060.00,6061.50,592380
2024-12-10 10:00:00,6061.75,6064.50,6039.75,6052.75,557719
2024-12-10 14:00:00,6054.00,6054.75,6048.25,6050.75,14215
2024-12-10 18:00:00,6050.75,6051.50,6047.00,6051.00,10588
2024-12-10 22:00:00,6051.00,6053.50,6045.50,6051.50,29252
2024-12-11 02:00:00,6051.75,6071.50,6049.25,6070.75,88874
2024-12-11 06:00:00,6070.50,6100.00,6070.25,6099.25,609863
2024-12-11 10:00:00,6099.25,6102.50,6086.50,6087.25,449968
2024-12-11 14:00:00,6087.00,6088.25,6082.00,6083.50,13156
2024-12-11 18:00:00,6083.50,6086.75,6082.50,6086.25,9377
2024-12-11 22:00:00,6086.50,6087.50,6081.00,6081.75,28393
2024-12-12 02:00:00,6081.75,6087.50,6071.00,6078.00,96797
2024-12-12 06:00:00,6078.00,6087.75,6067.50,6083.75,740826
2024-12-12 10:00:00,6083.75,6085.50,6055.50,6058.75,595849
2024-12-12 14:00:00,6063.75,6071.00,6062.25,6065.75,19608
2024-12-12 18:00:00,6065.75,6066.75,6060.75,6065.25,14553
2024-12-12 22:00:00,6065.50,6079.25,6065.50,6079.00,30004
2024-12-13 02:00:00,6079.00,6085.25,6078.25,6082.00,80905
2024-12-13 06:00:00,6081.75,6084.75,6041.50,6042.25,1121468
2024-12-13 10:00:00,6042.25,6060.25,6041.25,6051.25,607092
2024-12-15 14:00:00,6053.50,6061.00,6051.50,6061.00,14760
2024-12-15 18:00:00,6061.00,6062.75,6056.00,6056.50,10305
2024-12-15 22:00:00,6056.50,6063.75,6056.50,6063.50,42230
2024-12-16 02:00:00,6063.50,6076.25,6061.75,6075.75,143594
2024-12-16 06:00:00,6075.75,6086.25,6064.75,6085.25,831397
2024-12-16 10:00:00,6085.50,6090.50,6073.00,6076.50,485573
2024-12-16 14:00:00,6075.25,6078.00,6070.00,6077.50,9969
2024-12-16 18:00:00,6077.50,6079.25,6072.50,6072.75,6900
2024-12-16 22:00:00,6073.00,6073.50,6058.75,6064.75,38420
2024-12-17 02:00:00,6064.75,6068.00,6051.00,6056.75,96369
2024-12-17 06:00:00,6056.75,6063.50,6043.00,6059.75,542118
2024-12-17 10:00:00,6059.75,6059.75,6040.75,6052.00,330760
2024-12-17 14:00:00,6050.25,6059.75,6040.00,6059.25,8752
2024-12-17 18:00:00,6059.50,6063.50,6055.75,6062.75,5936
2024-12-17 22:00:00,6062.75,6065.75,6058.50,6065.25,18779
2024-12-18 02:00:00,6065.25,6073.25,6057.75,6058.00,48904
2024-12-18 06:00:00,6058.00,6074.50,6045.00,6066.25,234967
2024-12-18 10:00:00,6066.00,6067.25,5840.00,5872.25,428337
2024-12-18 14:00:00,5877.75,5891.25,5872.75,5885.00,20316
2024-12-18 18:00:00,5884.50,5886.00,5870.25,5871.00,11072
2024-12-18 22:00:00,5871.00,5899.75,5871.00,5897.25,26129
2024-12-19 02:00:00,5897.25,5924.25,5892.75,5911.25,42110
2024-12-19 06:00:00,5911.00,5938.00,5882.75,5899.00,216893
2024-12-19 10:00:00,5898.75,5921.00,5865.50,5875.00,132142
2024-12-19 14:00:00,5876.00,5876.50,5848.50,5850.50,3095
2024-12-19 18:00:00,5849.25,5852.50,5837.50,5852.25,1762
2024-12-19 22:00:00,5852.00,5862.75,5817.00,5820.50,8566
2024-12-20 02:00:00,5820.75,5848.50,5800.75,5840.25,22399
2024-12-20 06:00:00,5834.25,5848.75,5831.25,5840.75,6460
2024-12-20 10:00:00,5996.50,6001.75,5996.50,5996.50,2091064
2024-12-22 14:00:00,6018.00,6026.00,6011.25,6023.75,32793
2024-12-22 18:00:00,6023.75,6032.00,6020.00,6031.25,20411
2024-12-22 22:00:00,6031.25,6033.00,6015.25,6018.25,41169
2024-12-23 02:00:00,6018.00,6021.00,5983.00,5989.00,78643
2024-12-23 06:00:00,5989.25,6020.50,5965.00,6015.50,652873
2024-12-23 10:00:00,6015.50,6043.00,6012.00,6036.00,474876
2024-12-23 14:00:00,6038.00,6042.50,6030.00,6034.25,14449
2024-12-23 18:00:00,6033.75,6038.00,6032.00,6035.50,7016
2024-12-24 06:00:00,6048.00,6099.50,6042.25,6098.50,466438
2024-12-24 10:00:00,6098.50,6099.25,6095.00,6095.50,10456
2024-12-25 14:00:00,6099.75,6102.50,6094.75,6099.75,11851
2024-12-25 18:00:00,6099.50,6105.00,6097.50,6102.75,8765
2024-12-25 22:00:00,6103.00,6103.50,6074.25,6076.25,32185
2024-12-26 02:00:00,6076.50,6080.25,6067.50,6076.75,48276
2024-12-26 06:00:00,6076.50,6107.50,6063.25,6092.00,437665
2024-12-26 10:00:00,6092.00,6104.00,6088.50,6091.50,299977
2024-12-26 14:00:00,6092.75,6095.25,6083.00,6086.25,12610
2024-12-26 18:00:00,6086.25,6087.75,6082.50,6083.00,9010
2024-12-26 22:00:00,6082.75,6083.00,6070.25,6072.25,27958
2024-12-27 02:00:00,6072.50,6078.75,6065.00,6066.25,45958
2024-12-27 06:00:00,6066.50,6067.75,5982.75,5996.00,870709
2024-12-27 10:00:00,5996.00,6033.75,5993.75,6029.25,575334
2024-12-29 14:00:00,6034.00,6035.25,6017.50,6025.50,21776
2024-12-29 18:00:00,6025.25,6025.25,6011.50,6013.25,14327
2024-12-29 22:00:00,6013.50,6020.50,6003.50,6012.00,32688
2024-12-30 02:00:00,6011.75,6016.25,5945.25,5949.25,106483
2024-12-30 06:00:00,5949.25,5990.25,5918.25,5986.75,811496
2024-12-30 10:00:00,5987.00,5993.25,5948.00,5954.25,507755
2024-12-30 14:00:00,5954.25,5960.75,5944.00,5959.75,14619
2024-12-30 18:00:00,5959.75,5966.25,5949.75,5956.25,15633
2024-12-30 22:00:00,5956.25,5977.75,5948.50,5975.00,27675
2024-12-31 02:00:00,5975.00,5983.25,5968.00,5973.00,47638
2024-12-31 06:00:00,5973.25,5980.25,5921.75,5945.50,584576
2024-12-31 10:00:00,5945.25,5950.25,5917.25,5938.25,574212
2025-01-01 14:00:00,5945.50,5955.50,5910.75,5946.75,47642
2025-01-01 18:00:00,5946.75,5965.50,5945.50,5963.75,24515
2025-01-01 22:00:00,5964.00,5975.00,5956.50,5972.00,43296
2025-01-02 02:00:00,5972.00,5995.25,5963.75,5978.25,78743
2025-01-02 06:00:00,5978.00,5985.00,5879.75,5899.00,957444
2025-01-02 10:00:00,5899.25,5925.25,5874.75,5920.00,569959
2025-01-02 14:00:00,5920.50,5931.75,5911.25,5925.75,21957
2025-01-02 18:00:00,5925.75,5934.00,5923.75,5927.50,16167
2025-01-02 22:00:00,5927.25,5941.75,5924.00,5938.50,31425
2025-01-03 02:00:00,5938.50,5938.75,5923.75,5930.50,43826
2025-01-03 06:00:00,5930.50,5981.25,5930.25,5977.50,641264
2025-01-03 10:00:00,5977.50,5996.75,5972.25,5985.25,389189
2025-01-05 14:00:00,5992.50,5993.25,5981.25,5984.50,20349
2025-01-05 18:00:00,5984.50,5993.50,5980.75,5991.50,15413
2025-01-05 22:00:00,5991.75,6017.75,5990.25,6017.25,36024
2025-01-06 02:00:00,6017.25,6041.25,6007.50,6040.75,100960
2025-01-06 06:00:00,6041.00,6068.25,6015.75,6047.00,673470
2025-01-06 10:00:00,6047.25,6047.75,6004.00,6028.25,612727
2025-01-06 14:00:00,6029.00,6031.75,6019.25,6023.00,17920
2025-01-06 18:00:00,6023.00,6026.50,6007.00,6014.75,19406
2025-01-06 22:00:00,6014.75,6027.75,6010.25,6019.75,32924
2025-01-07 02:00:00,6019.75,6037.50,6017.50,6037.50,50357
2025-01-07 06:00:00,6037.50,6045.50,5962.75,5975.75,985912
2025-01-07 10:00:00,5976.00,5991.00,5935.00,5954.75,577875
2025-01-07 14:00:00,5953.50,5968.50,5948.25,5968.00,22746
2025-01-07 18:00:00,5967.75,5972.25,5961.75,5972.00,18318
2025-01-07 22:00:00,5972.00,5972.50,5957.50,5971.00,29940
2025-01-08 02:00:00,5971.00,5975.00,5926.50,5959.25,166844
2025-01-08 06:00:00,5959.25,5965.25,5917.00,5934.50,842505
2025-01-08 10:00:00,5934.50,5971.75,5933.75,5954.75,621464
2025-01-08 14:00:00,5952.75,5956.50,5940.00,5945.25,16348
2025-01-08 18:00:00,5945.25,5952.50,5940.75,5949.00,13730
2025-01-08 22:00:00,5949.00,5954.25,5929.25,5952.50,29631
2025-01-09 02:00:00,5952.50,5957.00,5943.25,5946.25,37322
2025-01-09 06:00:00,5946.25,5946.25,5936.00,5944.75,14927
2025-01-09 14:00:00,5944.00,5945.25,5920.50,5934.25,36322
2025-01-09 18:00:00,5934.25,5948.50,5932.25,5945.75,20424
2025-01-09 22:00:00,5946.00,5950.75,5934.50,5939.75,33739
2025-01-10 02:00:00,5939.50,5959.25,5888.00,5903.25,163672
2025-01-10 06:00:00,5897.50,5921.75,5845.25,5875.75,1067172
2025-01-10 10:00:00,5875.75,5907.25,5858.00,5861.50,679471
2025-01-12 14:00:00,5861.00,5867.50,5838.50,5845.00,42555
2025-01-12 18:00:00,5844.75,5849.25,5831.00,5839.25,28180
2025-01-12 22:00:00,5839.25,5848.75,5809.00,5812.75,77252
2025-01-13 02:00:00,5812.75,5835.00,5810.00,5827.50,88462
2025-01-13 06:00:00,5827.50,5856.25,5813.00,5855.50,902589
2025-01-13 10:00:00,5855.25,5883.25,5849.25,5881.75,558163
2025-01-13 14:00:00,5889.75,5901.25,5886.75,5889.00,28003
2025-01-13 18:00:00,5889.00,5896.00,5883.00,5896.00,16371
2025-01-13 22:00:00,5896.00,5913.50,5888.00,5905.25,43223
2025-01-14 02:00:00,5905.50,5918.50,5874.50,5897.25,129200
2025-01-14 06:00:00,5897.50,5909.75,5842.50,5861.50,850046
2025-01-14 10:00:00,5861.25,5898.75,5848.75,5891.50,710257
2025-01-14 14:00:00,5889.50,5890.25,5884.25,5887.25,15740
2025-01-14 18:00:00,5887.25,5888.00,5881.00,5883.25,11374
2025-01-14 22:00:00,5883.25,5891.75,5879.50,5888.75,28342
2025-01-15 02:00:00,5889.00,5979.75,5883.75,5970.50,185018
2025-01-15 06:00:00,5970.75,5991.75,5952.50,5971.00,857034
2025-01-15 10:00:00,5971.25,6001.25,5971.00,5987.75,459702
2025-01-15 14:00:00,5988.00,6002.00,5987.25,5991.50,20307
2025-01-15 18:00:00,5991.50,5995.00,5983.00,5985.50,16880
2025-01-15 22:00:00,5985.75,6017.50,5983.75,6001.75,79474
2025-01-16 02:00:00,6002.00,6010.00,5986.75,5996.25,102192
2025-01-16 06:00:00,5996.25,6004.25,5973.25,5989.50,770463
2025-01-16 10:00:00,5989.75,5995.50,5961.75,5969.50,518093
2025-01-16 14:00:00,5969.75,5984.00,5968.00,5981.75,17523
2025-01-16 18:00:00,5982.00,5989.50,5977.00,5986.25,16002
2025-01-16 22:00:00,5986.50,5999.00,5977.00,5995.25,31615
2025-01-17 02:00:00,5995.25,6021.25,5990.00,6019.00,96818
2025-01-17 06:00:00,6022.00,6049.00,6012.75,6046.75,703752
2025-01-17 10:00:00,6046.75,6051.50,6029.00,6032.50,455770
2025-01-19 14:00:00,6034.25,6038.00,6020.00,6027.75,19618
2025-01-19 18:00:00,6027.25,6033.25,6025.25,6032.25,10569
2025-01-19 22:00:00,6032.25,6043.50,6031.00,6038.50,23348
2025-01-20 02:00:00,6038.50,6058.50,6018.00,6057.25,67674
2025-01-20 06:00:00,6057.25,6078.25,6036.50,6055.25,151841
2025-01-20 14:00:00,6060.50,6070.50,5994.50,6036.50,98549
2025-01-20 18:00:00,6036.75,6050.75,6034.50,6039.00,27983
2025-01-20 22:00:00,6038.75,6060.75,6036.00,6060.75,39593
2025-01-21 02:00:00,6060.75,6067.75,6045.50,6062.75,67764
2025-01-21 06:00:00,6062.75,6082.25,6043.50,6081.75,705165
2025-01-21 10:00:00,6081.75,6093.25,6074.25,6091.75,434184
2025-01-21 14:00:00,6092.00,6102.00,6087.00,6100.00,26648
2025-01-21 18:00:00,6099.75,6105.00,6099.00,6102.75,12810
2025-01-21 22:00:00,6103.00,6114.75,6098.00,6110.75,40840
2025-01-22 02:00:00,6110.50,6119.00,6107.75,6118.75,56648
2025-01-22 06:00:00,6118.75,6135.75,6111.25,6130.50,563713
2025-01-22 10:00:00,6130.50,6133.25,6115.00,6120.25,451181
2025-01-22 14:00:00,6119.00,6120.00,6113.00,6113.50,28887
2025-01-22 18:00:00,6113.75,6117.00,6109.75,6113.75,11796
2025-01-22 22:00:00,6113.50,6116.00,6101.50,6108.75,34830
2025-01-23 02:00:00,6108.50,6117.75,6106.00,6114.75,56667
2025-01-23 06:00:00,6115.00,6134.75,6111.25,6132.75,484768
2025-01-23 10:00:00,6132.75,6154.00,6129.25,6148.50,453581
2025-01-23 14:00:00,6146.75,6150.50,6145.25,6148.00,26910
2025-01-23 18:00:00,6148.00,6156.00,6143.75,6146.00,28031
2025-01-23 22:00:00,6146.00,6149.50,6142.75,6145.50,28846
2025-01-24 02:00:00,6145.25,6149.25,6139.00,6143.25,56598
2025-01-24 06:00:00,6143.25,6162.25,6139.25,6141.00,533077
2025-01-24 10:00:00,6140.75,6143.25,6122.00,6132.00,512251
2025-01-26 14:00:00,6101.50,6104.75,6072.00,6077.50,74647
2025-01-26 18:00:00,6077.50,6085.75,6057.00,6060.00,47097
2025-01-26 22:00:00,6060.00,6061.25,6006.75,6010.75,145974
2025-01-27 02:00:00,6010.75,6014.75,5948.00,6007.50,285028
2025-01-27 06:00:00,6007.50,6048.00,5995.75,6013.25,1017616
2025-01-27 10:00:00,6013.25,6056.50,6011.75,6050.25,711562
2025-01-27 14:00:00,6059.50,6059.50,6033.50,6035.25,48364
2025-01-27 18:00:00,6035.25,6051.50,6032.25,6043.50,24354
2025-01-27 22:00:00,6043.75,6069.25,6037.00,6067.75,57174
2025-01-28 02:00:00,6067.75,6073.00,6046.00,6055.00,92597
2025-01-28 06:00:00,6054.75,6092.50,6023.50,6090.00,808813
2025-01-28 10:00:00,6090.00,6105.50,6083.75,6091.25,491658
2025-01-28 14:00:00,6087.50,6094.75,6086.50,6091.75,13312
2025-01-28 18:00:00,6092.00,6099.75,6088.75,6094.25,12455
2025-01-28 22:00:00,6094.50,6111.50,6094.50,6101.50,48697
2025-01-29 02:00:00,6101.50,6106.75,6078.75,6085.75,57548
2025-01-29 06:00:00,6085.50,6091.25,6069.25,6070.75,502388
2025-01-29 10:00:00,6071.00,6087.50,6042.25,6076.50,864625
2025-01-29 14:00:00,6066.75,6092.50,6061.50,6089.25,31281
2025-01-29 18:00:00,6089.25,6094.00,6087.00,6090.00,14300
2025-01-29 22:00:00,6090.00,6101.50,6084.75,6090.25,28489
2025-01-30 02:00:00,6090.50,6094.75,6074.25,6090.25,66768
2025-01-30 06:00:00,6090.50,6109.75,6056.50,6083.00,734712
2025-01-30 10:00:00,6083.25,6116.25,6067.75,6093.25,663110
2025-01-30 14:00:00,6108.75,6118.50,6099.25,6117.75,31581
2025-01-30 18:00:00,6117.75,6119.75,6110.75,6113.75,13707
2025-01-30 22:00:00,6114.00,6128.50,6112.50,6124.50,32043
2025-01-31 02:00:00,6124.50,6130.00,6121.00,6127.25,52416
2025-01-31 06:00:00,6127.00,6147.75,6117.00,6139.00,604906
2025-01-31 10:00:00,6139.00,6141.50,6057.75,6065.50,1032698
2025-02-02 14:00:00,5953.75,5976.25,5943.00,5961.50,147496
2025-02-02 18:00:00,5961.75,5962.25,5935.50,5952.25,71218
2025-02-02 22:00:00,5952.00,5988.75,5946.50,5966.75,111663
2025-02-03 02:00:00,5966.50,5988.00,5960.25,5969.75,143952
2025-02-03 06:00:00,5969.50,6038.50,5950.25,6019.25,1223807
2025-02-03 10:00:00,6019.50,6062.00,6006.50,6055.50,533433
2025-02-03 14:00:00,6063.75,6064.25,6035.75,6042.00,26361
2025-02-03 18:00:00,6042.50,6043.25,5988.75,6011.25,52461
2025-02-03 22:00:00,6011.25,6023.00,5994.00,6007.25,61792
2025-02-04 02:00:00,6007.00,6031.25,6004.50,6022.00,76516
2025-02-04 06:00:00,6022.00,6066.75,6018.00,6055.25,611659
2025-02-04 10:00:00,6055.50,6068.75,6042.50,6045.75,427191
2025-02-04 14:00:00,6045.25,6053.00,6039.75,6042.00,21901
2025-02-04 18:00:00,6041.75,6044.75,6032.25,6033.25,18208
2025-02-04 22:00:00,6033.00,6040.25,6020.75,6022.00,53321
2025-02-05 02:00:00,6022.25,6046.25,6020.25,6044.25,68778
2025-02-05 06:00:00,6044.00,6076.75,6029.50,6071.25,599525
2025-02-05 10:00:00,6071.25,6092.00,6066.50,6090.00,376952
2025-02-05 14:00:00,6088.25,6095.75,6086.75,6091.75,15892
2025-02-05 18:00:00,6091.50,6103.00,6090.00,6102.25,13619
2025-02-05 22:00:00,6102.50,6105.00,6092.50,6098.50,32055
2025-02-06 02:00:00,6098.75,6101.50,6086.25,6101.00,63910
2025-02-06 06:00:00,6101.00,6106.25,6085.25,6100.25,486290
2025-02-06 10:00:00,6100.25,6108.50,6070.00,6094.25,499367
2025-02-06 14:00:00,6092.75,6108.25,6091.00,6106.75,13959
2025-02-06 18:00:00,6107.00,6108.00,6098.25,6099.25,9656
2025-02-06 22:00:00,6099.25,6106.75,6094.00,6104.50,23962
2025-02-07 02:00:00,6104.25,6114.75,6087.50,6109.25,82524
2025-02-07 06:00:00,6109.25,6123.25,6046.50,6062.25,991404
2025-02-07 10:00:00,6062.25,6078.50,6041.25,6050.00,492096
2025-02-09 14:00:00,6033.50,6070.00,6031.00,6064.00,45244
2025-02-09 18:00:00,6064.00,6071.50,6060.75,6067.50,18000
2025-02-09 22:00:00,6067.50,6072.50,6062.50,6071.00,26919
2025-02-10 02:00:00,6071.25,6085.75,6069.50,6085.25,48962
2025-02-10 06:00:00,6085.00,6094.50,6067.75,6086.75,478169
2025-02-10 10:00:00,6086.75,6096.00,6083.00,6087.75,339792
2025-02-10 14:00:00,6083.50,6084.00,6072.00,6076.00,21254
2025-02-10 18:00:00,6076.25,6077.75,6068.25,6076.50,15855
2025-02-10 22:00:00,6076.50,6076.75,6062.75,6068.50,28319
2025-02-11 02:00:00,6068.50,6075.25,6058.50,6059.25,57961
2025-02-11 06:00:00,6059.25,6092.00,6057.75,6077.00,481749
2025-02-11 10:00:00,6077.00,6098.75,6074.75,6090.50,378969
2025-02-11 14:00:00,6094.00,6096.50,6086.25,6095.00,20803
2025-02-11 18:00:00,6095.25,6095.75,6085.00,6086.25,11518
2025-02-11 22:00:00,6086.25,6092.25,6075.25,6082.50,24177
2025-02-12 02:00:00,6082.00,6098.00,6024.50,6031.00,163828
2025-02-12 06:00:00,6031.25,6084.50,6020.75,6083.25,827426
2025-02-12 10:00:00,6083.25,6084.75,6064.25,6079.75,436402
2025-02-12 14:00:00,6078.25,6086.75,6076.75,6083.50,17425
2025-02-12 18:00:00,6083.50,6090.25,6079.75,6085.25,13816
2025-02-12 22:00:00,6085.25,6088.50,6053.50,6071.00,47791
2025-02-13 02:00:00,6070.75,6087.25,6063.00,6084.50,93836
2025-02-13 06:00:00,6084.50,6113.75,6070.25,6100.00,651308
2025-02-13 10:00:00,6100.25,6138.00,6088.00,6132.25,621072
2025-02-13 14:00:00,6134.50,6143.50,6131.75,6143.25,21166
2025-02-13 18:00:00,6143.25,6144.75,6139.00,6139.50,12652
2025-02-13 22:00:00,6139.50,6146.75,6132.25,6134.75,40359
2025-02-14 02:00:00,6134.50,6134.75,6121.25,6133.00,66783
2025-02-14 06:00:00,6133.00,6145.25,6125.75,6134.25,469542
2025-02-14 10:00:00,6134.25,6143.00,6128.75,6134.00,354750
2025-02-16 14:00:00,6137.75,6140.50,6131.00,6138.75,19831
2025-02-16 18:00:00,6139.00,6146.50,6138.25,6145.00,11185
2025-02-16 22:00:00,6144.75,6145.50,6138.00,6143.50,14780
2025-02-17 02:00:00,6143.25,6146.00,6141.25,6146.00,12261
2025-02-17 06:00:00,6145.75,6147.25,6136.25,6146.00,39776
2025-02-17 14:00:00,6145.25,6146.00,6137.00,6143.50,15649
2025-02-17 18:00:00,6143.25,6146.00,6141.50,6144.00,10160
2025-02-17 22:00:00,6143.75,6157.00,6143.25,6147.50,36873
2025-02-18 02:00:00,6147.50,6157.75,6144.75,6156.50,38210
2025-02-18 06:00:00,6156.75,6157.25,6127.50,6138.00,498426
2025-02-18 10:00:00,6138.00,6149.50,6118.25,6144.75,451844
2025-02-18 14:00:00,6148.75,6156.00,6146.00,6155.00,16834
2025-02-18 18:00:00,6154.75,6157.00,6151.25,6152.75,13640
2025-02-18 22:00:00,6152.75,6154.75,6148.50,6149.25,26482
2025-02-19 02:00:00,6149.50,6150.00,6131.75,6135.00,65642
2025-02-19 06:00:00,6135.25,6153.75,6129.25,6149.50,459736
2025-02-19 10:00:00,6149.75,6166.50,6140.25,6155.00,443106
2025-02-19 14:00:00,6157.00,6157.75,6146.25,6147.50,20090
2025-02-19 18:00:00,6147.50,6150.00,6143.75,6144.25,17599
2025-02-19 22:00:00,6144.00,6153.00,6141.75,6152.50,28497
2025-02-20 02:00:00,6152.25,6155.00,6141.00,6146.50,47204
2025-02-20 06:00:00,6146.25,6150.50,6102.75,6113.00,769638
2025-02-20 10:00:00,6112.75,6139.75,6109.00,6133.00,454392
2025-02-20 14:00:00,6134.75,6139.75,6132.25,6133.50,15667
2025-02-20 18:00:00,6133.50,6136.25,6129.25,6130.50,11511
2025-02-20 22:00:00,6130.25,6137.75,6127.25,6137.75,30931
2025-02-21 02:00:00,6137.75,6141.75,6132.25,6139.75,47760
2025-02-21 06:00:00,6139.50,6142.50,6066.25,6068.25,812443
2025-02-21 10:00:00,6068.25,6068.75,6024.50,6029.75,912299
2025-02-23 14:00:00,6037.50,6059.25,6034.00,6050.50,46953
2025-02-23 18:00:00,6050.50,6062.50,6049.75,6061.50,21429
2025-02-23 22:00:00,6061.25,6067.50,6041.50,6061.75,67100
2025-02-24 02:00:00,6062.00,6063.00,6053.50,6061.75,65255
2025-02-24 06:00:00,6061.50,6062.50,5994.50,6036.00,977586
2025-02-24 10:00:00,6036.25,6047.00,5996.00,6005.50,557825
2025-02-24 14:00:00,6006.25,6014.00,5995.25,6013.75,45687
2025-02-24 18:00:00,6013.75,6016.00,6005.00,6010.50,21005
2025-02-24 22:00:00,6010.50,6012.25,5979.50,5980.00,84985
2025-02-25 02:00:00,5980.00,6010.75,5977.75,6002.75,99483
2025-02-25 06:00:00,6002.75,6007.75,5924.00,5976.75,1135997
2025-02-25 10:00:00,5976.50,5995.50,5958.50,5979.75,761957
2025-02-25 14:00:00,5987.25,5989.00,5979.75,5981.50,19636
2025-02-25 18:00:00,5981.50,5994.50,5977.50,5994.25,23844
2025-02-25 22:00:00,5994.25,6002.50,5990.00,5997.75,48675
2025-02-26 02:00:00,5998.00,6004.00,5989.00,5993.00,76331
2025-02-26 06:00:00,5992.75,6023.75,5978.25,5983.75,885311
2025-02-26 10:00:00,5983.75,5996.25,5945.50,5990.25,797319
2025-02-26 14:00:00,5981.75,5982.50,5961.00,5970.25,47304
2025-02-26 18:00:00,5970.50,5995.00,5968.50,5990.00,27073
2025-02-26 22:00:00,5990.25,6007.00,5989.50,6005.25,49004
2025-02-27 02:00:00,6005.25,6014.50,5977.50,5986.00,134203
2025-02-27 06:00:00,5986.00,6007.25,5931.50,5960.75,1214123
2025-02-27 10:00:00,5960.50,5978.25,5873.00,5881.00,1033063
2025-02-27 14:00:00,5887.75,5890.00,5859.75,5877.50,51042
2025-02-27 18:00:00,5877.50,5884.00,5858.75,5880.00,54135
2025-02-27 22:00:00,5879.75,5897.00,5869.50,5892.75,69614
2025-02-28 02:00:00,5892.75,5900.50,5881.25,5886.75,119050
2025-02-28 06:00:00,5887.00,5914.25,5857.00,5860.25,1131703
2025-02-28 10:00:00,5860.25,5971.00,5848.00,5958.00,1245311
2025-03-02 14:00:00,5971.00,5984.50,5947.00,5965.25,58488
2025-03-02 18:00:00,5965.00,5979.25,5957.50,5977.25,27443
2025-03-02 22:00:00,5977.25,5982.50,5955.75,5982.00,73528
2025-03-03 02:00:00,5982.00,6000.50,5974.75,5985.25,96002
2025-03-03 06:00:00,5985.25,5997.00,5930.50,5943.25,1033059
2025-03-03 10:00:00,5943.25,5944.75,5821.75,5875.00,1232667
2025-03-03 14:00:00,5869.25,5881.50,5859.50,5861.50,57644
2025-03-03 18:00:00,5861.75,5880.50,5859.75,5877.75,37819
2025-03-03 22:00:00,5877.75,5881.50,5856.50,5863.25,79305
2025-03-04 02:00:00,5863.25,5866.00,5812.00,5820.75,195534
2025-03-04 06:00:00,5820.50,5835.75,5744.00,5786.75,1681650
2025-03-04 10:00:00,5786.75,5875.75,5768.50,5825.00,1193108
2025-03-04 14:00:00,5825.50,5838.00,5808.00,5819.75,56035
2025-03-04 18:00:00,5820.00,5834.00,5807.75,5827.00,54215
2025-03-04 22:00:00,5827.00,5844.25,5817.25,5839.50,72026
2025-03-05 02:00:00,5840.00,5842.75,5783.75,5788.50,173904
2025-03-05 06:00:00,5788.50,5829.50,5750.75,5828.00,1099163
2025-03-05 10:00:00,5828.00,5869.50,5797.75,5845.50,769464
2025-03-05 14:00:00,5847.00,5853.50,5838.00,5843.25,22901
2025-03-05 18:00:00,5843.50,5850.00,5838.75,5843.00,21928
2025-03-05 22:00:00,5843.00,5850.00,5786.25,5792.50,95887
2025-03-06 02:00:00,5792.50,5797.75,5769.25,5779.50,139613
2025-03-06 06:00:00,5779.50,5821.25,5729.00,5749.50,1252177
2025-03-06 10:00:00,5749.25,5771.75,5720.00,5761.25,953270
2025-03-06 14:00:00,5764.25,5774.50,5756.25,5768.75,31504
2025-03-06 18:00:00,5768.75,5774.50,5754.50,5757.00,26504
2025-03-06 22:00:00,5757.25,5773.25,5750.00,5767.75,66199
2025-03-07 02:00:00,5768.00,5786.50,5729.25,5734.50,181196
2025-03-07 06:00:00,5734.25,5778.00,5673.00,5718.50,1167802
2025-03-07 10:00:00,5718.75,5791.00,5718.00,5771.75,770692
2025-03-09 14:00:00,5741.00,5747.50,5710.50,5738.25,78632
2025-03-09 18:00:00,5738.75,5757.75,5737.50,5745.50,33855
2025-03-09 22:00:00,5746.00,5754.00,5703.00,5705.75,68391
2025-03-10 02:00:00,5705.50,5731.50,5687.25,5701.00,149947
2025-03-10 06:00:00,5701.25,5711.25,5640.00,5645.75,1111393
2025-03-10 10:00:00,5645.75,5647.25,5571.50,5628.75,1033418
2025-03-10 14:00:00,5622.50,5625.75,5558.75,5573.50,79228
2025-03-10 18:00:00,5573.50,5637.50,5558.00,5630.50,76624
2025-03-10 22:00:00,5630.25,5644.00,5615.50,5644.00,65498
2025-03-11 02:00:00,5643.75,5651.75,5616.25,5619.25,157337
2025-03-11 06:00:00,5619.25,5635.75,5550.00,5557.25,1121157
2025-03-11 10:00:00,5557.25,5643.75,5534.00,5627.50,969194
2025-03-11 14:00:00,5631.00,5649.50,5626.00,5642.75,2526
2025-03-11 18:00:00,5643.00,5649.75,5636.50,5642.00,2358
2025-03-11 22:00:00,5642.00,5664.25,5628.75,5662.25,3640
2025-03-12 02:00:00,5663.00,5726.75,5657.25,5696.25,9600
2025-03-12 06:00:00,5694.00,5698.00,5601.75,5655.25,24747
2025-03-12 10:00:00,5657.50,5684.75,5643.50,5648.75,16672
2025-03-12 14:00:00,5650.50,5674.75,5646.75,5662.50,3100
2025-03-12 18:00:00,5662.50,5665.25,5628.25,5632.00,6069
2025-03-12 22:00:00,5632.50,5636.50,5611.00,5631.75,15246
2025-03-13 02:00:00,5631.25,5661.00,5623.75,5646.50,16906
2025-03-13 06:00:00,5646.50,5655.00,5576.75,5589.50,45077
2025-03-13 10:00:00,5589.50,5609.75,5559.75,5588.25,51384
2025-03-13 14:00:00,5590.25,5618.25,5589.50,5612.75,7062
2025-03-13 18:00:00,5613.00,5623.25,5610.00,5620.75,5451
2025-03-13 22:00:00,5620.50,5624.00,5604.25,5618.75,7588
2025-03-14 02:00:00,5619.25,5639.25,5610.00,5632.50,20172
2025-03-14 06:00:00,5632.75,5687.25,5618.00,5683.50,91964
2025-03-14 10:00:00,5683.25,5700.75,5664.75,5681.00,86493
2025-03-16 14:00:00,5678.75,5683.75,5654.50,5665.50,18305
2025-03-16 18:00:00,5665.25,5670.00,5659.00,5662.50,9823
2025-03-16 22:00:00,5662.50,5667.25,5651.50,5665.50,19214
2025-03-17 02:00:00,5665.25,5701.50,5662.75,5694.00,53840
2025-03-17 06:00:00,5693.75,5726.25,5684.00,5707.75,376237
2025-03-17 10:00:00,5708.00,5759.75,5701.00,5731.75,335815
2025-03-17 14:00:00,5731.50,5738.25,5724.50,5727.25,18320
2025-03-17 18:00:00,5727.50,5730.00,5707.50,5710.25,19187
2025-03-17 22:00:00,5710.00,5735.50,5709.75,5732.25,29588
2025-03-18 02:00:00,5732.25,5735.25,5704.50,5706.25,77098
2025-03-18 06:00:00,5706.50,5711.25,5650.75,5668.75,607338
2025-03-18 10:00:00,5668.75,5682.50,5652.00,5669.75,431397
2025-03-18 14:00:00,5670.50,5689.50,5660.50,5686.25,26218
2025-03-18 18:00:00,5686.00,5686.75,5674.75,5676.00,20738
2025-03-18 22:00:00,5676.00,5681.50,5657.50,5673.50,37199
2025-03-19 02:00:00,5673.00,5688.50,5668.25,5680.25,66627
2025-03-19 06:00:00,5680.50,5723.25,5675.75,5709.50,453468
2025-03-19 10:00:00,5709.50,5770.50,5682.00,5729.75,725261
2025-03-19 14:00:00,5731.75,5752.75,5729.00,5751.25,18806
2025-03-19 18:00:00,5751.00,5760.00,5746.00,5756.00,17934
2025-03-19 22:00:00,5756.25,5758.75,5748.75,5753.75,30097
2025-03-20 02:00:00,5754.00,5754.50,5682.50,5702.00,150052
2025-03-20 06:00:00,5702.25,5765.25,5684.50,5717.50,716109
2025-03-20 10:00:00,5717.25,5731.00,5695.00,5716.50,573203
2025-03-20 14:00:00,5715.25,5722.75,5706.25,5719.50,16590
2025-03-20 18:00:00,5719.25,5723.75,5709.50,5710.50,19758
2025-03-20 22:00:00,5710.50,5717.25,5684.00,5691.75,50390
2025-03-21 02:00:00,5691.75,5705.00,5664.50,5665.75,94101
2025-03-21 06:00:00,5665.75,5710.00,5651.25,5709.50,759495
2025-03-21 10:00:00,5709.75,5722.25,5687.75,5720.00,524872
2025-03-23 14:00:00,5740.00,5757.25,5739.00,5755.50,51598
2025-03-23 18:00:00,5755.50,5757.50,5751.50,5754.50,20060
2025-03-23 22:00:00,5754.50,5778.75,5754.50,5776.25,44388
2025-03-24 02:00:00,5776.25,5788.00,5768.50,5786.50,93421
2025-03-24 06:00:00,5786.50,5819.25,5776.00,5805.75,595655
2025-03-24 10:00:00,5806.00,5825.50,5795.00,5813.00,533513
2025-03-24 14:00:00,5813.00,5815.25,5806.75,5814.25,22429
2025-03-24 18:00:00,5814.00,5816.00,5805.75,5806.50,18832
2025-03-24 22:00:00,5806.25,5813.75,5802.25,5805.75,31778
2025-03-25 02:00:00,5805.75,5834.00,5802.75,5827.00,81476
2025-03-25 06:00:00,5827.00,5837.25,5812.25,5822.25,455309
2025-03-25 10:00:00,5822.25,5832.25,5809.50,5832.00,406185
2025-03-25 14:00:00,5831.00,5836.50,5828.75,5834.25,14148
2025-03-25 18:00:00,5834.25,5834.25,5823.00,5826.25,17944
2025-03-25 22:00:00,5826.00,5828.50,5816.25,5818.50,29402
2025-03-26 02:00:00,5818.75,5831.50,5813.75,5829.50,64507
2025-03-26 06:00:00,5829.50,5834.50,5764.00,5765.75,723842
2025-03-26 10:00:00,5765.75,5773.50,5743.00,5754.75,564219
2025-03-26 14:00:00,5737.25,5754.75,5730.00,5750.25,41555
2025-03-26 18:00:00,5750.50,5769.50,5749.25,5768.00,26770
2025-03-26 22:00:00,5767.75,5772.75,5743.00,5764.00,54920
2025-03-27 02:00:00,5764.25,5770.00,5744.75,5752.00,77161
2025-03-27 06:00:00,5752.00,5779.75,5720.00,5736.75,723896
2025-03-27 10:00:00,5736.75,5771.25,5733.75,5741.25,586517
2025-03-27 14:00:00,5741.75,5744.75,5727.75,5741.00,17192
2025-03-27 18:00:00,5741.00,5745.50,5737.25,5743.50,19802
2025-03-27 22:00:00,5743.75,5747.75,5711.50,5725.75,57976
2025-03-28 02:00:00,5725.75,5739.75,5712.00,5712.00,82231
2025-03-28 06:00:00,5712.25,5734.75,5631.00,5632.00,948879
2025-03-28 10:00:00,5632.00,5636.50,5602.25,5602.50,697323
2025-03-30 14:00:00,5590.00,5600.00,5574.25,5580.25,68837
2025-03-30 18:00:00,5580.75,5592.25,5574.25,5587.25,39095
2025-03-30 22:00:00,5587.00,5591.75,5572.25,5573.00,76905
2025-03-31 02:00:00,5573.00,5577.75,5552.00,5574.25,116635
2025-03-31 06:00:00,5574.25,5611.75,5533.75,5598.50,892804
2025-03-31 10:00:00,5598.75,5672.75,5592.25,5644.50,901558
2025-03-31 14:00:00,5644.25,5645.75,5620.25,5626.25,43017
2025-03-31 18:00:00,5626.00,5642.00,5619.25,5634.00,31408
2025-03-31 22:00:00,5634.00,5661.50,5631.50,5653.75,62676
2025-04-01 02:00:00,5653.75,5663.50,5618.00,5634.75,123855
2025-04-01 06:00:00,5635.00,5694.75,5600.25,5671.75,914488
2025-04-01 10:00:00,5671.75,5679.75,5625.75,5672.25,635578
2025-04-01 14:00:00,5672.00,5695.75,5662.50,5665.50,35913
2025-04-01 18:00:00,5665.50,5672.25,5663.50,5668.75,18161
2025-04-01 22:00:00,5668.75,5673.00,5652.25,5657.25,46284
2025-04-02 02:00:00,5657.25,5663.25,5612.00,5624.50,124266
2025-04-02 06:00:00,5624.50,5725.50,5610.75,5721.50,831288
2025-04-02 10:00:00,5721.75,5773.25,5566.25,5584.50,931636
2025-04-02 14:00:00,5550.50,5557.75,5481.00,5531.75,141714
2025-04-02 18:00:00,5532.00,5564.75,5531.50,5556.25,66992
2025-04-02 22:00:00,5556.50,5562.00,5523.50,5551.50,97767
2025-04-03 02:00:00,5551.25,5556.50,5495.50,5497.25,162392
2025-04-03 06:00:00,5497.00,5540.50,5455.00,5494.75,1092016
2025-04-03 10:00:00,5494.75,5504.25,5415.25,5421.00,784565
2025-04-03 14:00:00,5423.00,5435.00,5407.50,5423.50,43496
2025-04-03 18:00:00,5423.50,5429.25,5383.00,5385.25,60354
2025-04-03 22:00:00,5385.25,5430.00,5380.50,5391.25,128250
2025-04-04 02:00:00,5391.50,5395.75,5210.50,5303.50,553345
2025-04-04 06:00:00,5303.75,5322.00,5153.50,5174.00,1484215
2025-04-04 10:00:00,5174.25,5212.25,5074.00,5096.75,1176745
2025-04-06 14:00:00,5007.00,5007.00,4832.00,4934.00,222213
2025-04-06 18:00:00,4933.75,4995.50,4903.25,4926.75,142368
2025-04-06 22:00:00,4927.50,4968.75,4842.50,4926.50,256405
2025-04-07 02:00:00,4926.25,5040.00,4895.00,5011.75,380384
2025-04-07 06:00:00,5012.50,5286.50,4867.00,5007.25,1623507
2025-04-07 10:00:00,5007.00,5158.00,5006.25,5118.00,877575
2025-04-07 14:00:00,5126.50,5174.00,5115.00,5140.50,56801
2025-04-07 18:00:00,5140.50,5187.00,5126.00,5166.00,74110
2025-04-07 22:00:00,5166.00,5191.50,5141.50,5181.00,105050
2025-04-08 02:00:00,5180.50,5248.00,5151.75,5223.50,180298
2025-04-08 06:00:00,5223.25,5305.25,5121.50,5123.75,981992
2025-04-08 10:00:00,5123.25,5142.75,4940.50,5012.25,913412
2025-04-08 14:00:00,5006.25,5014.50,4920.00,4931.75,91093
2025-04-08 18:00:00,4931.75,4999.50,4885.00,4902.50,108843
2025-04-08 22:00:00,4903.00,5057.50,4871.75,5029.50,183317
2025-04-09 02:00:00,5029.00,5041.75,4901.75,4962.75,231431
2025-04-09 06:00:00,4962.50,5087.25,4962.50,5062.75,728811
2025-04-09 10:00:00,5062.75,5520.00,5025.00,5513.50,1522087
2025-04-09 14:00:00,5502.50,5528.75,5475.50,5496.50,64882
2025-04-09 18:00:00,5496.50,5506.75,5441.00,5451.00,64991
2025-04-09 22:00:00,5451.25,5487.75,5359.50,5372.50,150327
2025-04-10 02:00:00,5372.00,5427.00,5360.00,5385.50,204803
2025-04-10 06:00:00,5385.50,5405.00,5146.75,5249.25,971455
2025-04-10 10:00:00,5249.00,5351.75,5180.25,5304.50,919590
2025-04-10 14:00:00,5299.25,5330.50,5206.00,5231.75,63803
2025-04-10 18:00:00,5230.75,5320.00,5223.00,5307.75,58691
2025-04-10 22:00:00,5308.25,5379.00,5257.25,5276.25,137558
2025-04-11 02:00:00,5276.25,5359.00,5264.50,5307.25,140508
2025-04-11 06:00:00,5307.50,5381.25,5251.50,5369.75,668782
2025-04-11 10:00:00,5370.00,5418.25,5340.25,5395.75,603885
2025-04-13 14:00:00,5452.50,5474.75,5410.00,5426.75,54072
2025-04-13 18:00:00,5426.50,5457.25,5415.50,5454.50,34847
2025-04-13 22:00:00,5454.50,5473.75,5441.75,5468.00,48138
2025-04-14 02:00:00,5468.00,5483.50,5445.00,5480.25,78116
2025-04-14 06:00:00,5480.25,5497.75,5391.00,5407.75,597639
2025-04-14 10:00:00,5408.00,5479.00,5405.50,5432.25,429415
2025-04-14 14:00:00,5431.75,5438.00,5413.00,5434.25,22451
2025-04-14 18:00:00,5434.00,5443.00,5425.25,5436.25,17421
2025-04-14 22:00:00,5436.25,5463.75,5425.00,5451.75,52739
2025-04-15 02:00:00,5451.50,5459.00,5413.00,5433.75,76836
2025-04-15 06:00:00,5433.75,5485.00,5433.00,5442.00,543896
2025-04-15 10:00:00,5442.00,5451.25,5419.50,5425.50,396402
2025-04-15 14:00:00,5403.75,5403.75,5367.25,5377.50,35142
2025-04-15 18:00:00,5377.75,5390.75,5373.75,5376.25,22250
2025-04-15 22:00:00,5376.25,5425.00,5340.00,5389.50,108802
2025-04-16 02:00:00,5389.75,5405.50,5373.25,5376.00,83417
2025-04-16 06:00:00,5376.00,5401.00,5346.00,5358.25,531134
2025-04-16 10:00:00,5358.25,5366.50,5251.00,5299.50,700747
2025-04-16 14:00:00,5308.00,5330.75,5293.25,5329.00,36437
2025-04-16 18:00:00,5328.50,5347.00,5322.75,5345.00,27423
2025-04-16 22:00:00,5345.00,5371.25,5342.25,5345.50,58060
2025-04-17 02:00:00,5345.75,5359.00,5318.50,5334.00,105075
2025-04-17 06:00:00,5334.00,5351.50,5285.50,5346.75,640351
2025-04-17 10:00:00,5346.75,5359.50,5304.25,5326.50,430172
2025-04-20 14:00:00,5283.75,5306.75,5279.00,5286.00,28626
2025-04-20 18:00:00,5286.00,5288.00,5259.25,5268.75,31785
2025-04-20 22:00:00,5268.75,5278.00,5252.00,5258.00,21882
2025-04-21 02:00:00,5258.25,5270.00,5238.00,5255.00,45759
2025-04-21 06:00:00,5254.75,5262.50,5151.75,5156.25,498793
2025-04-21 10:00:00,5156.25,5193.00,5127.25,5184.00,510762
2025-04-21 14:00:00,5182.50,5209.25,5171.75,5206.00,28328
2025-04-21 18:00:00,5205.75,5224.25,5198.00,5204.00,31123
2025-04-21 22:00:00,5204.00,5254.50,5201.25,5236.75,56378
2025-04-22 02:00:00,5236.75,5239.00,5216.50,5238.25,61035
2025-04-22 06:00:00,5238.25,5339.25,5236.00,5321.00,694646
2025-04-22 10:00:00,5321.25,5332.50,5262.25,5314.50,629666
2025-04-22 14:00:00,5379.75,5424.00,5377.75,5397.25,85059
2025-04-22 18:00:00,5397.00,5403.00,5378.00,5398.50,28782
2025-04-22 22:00:00,5398.50,5434.25,5388.00,5425.00,60530
2025-04-23 02:00:00,5425.25,5456.75,5418.25,5455.25,99108
2025-04-23 06:00:00,5455.50,5499.75,5385.00,5428.00,931849
2025-04-23 10:00:00,5427.75,5441.75,5383.75,5413.00,544613
2025-04-23 14:00:00,5409.00,5421.00,5388.75,5411.50,22480
2025-04-23 18:00:00,5411.50,5413.75,5383.25,5394.50,21684
2025-04-23 22:00:00,5394.50,5399.50,5355.25,5365.00,62112
2025-04-24 02:00:00,5364.50,5409.75,5364.50,5404.75,110662
2025-04-24 06:00:00,5404.75,5504.50,5398.50,5500.00,644759
2025-04-24 10:00:00,5500.25,5541.50,5485.75,5519.75,484239
2025-04-24 14:00:00,5529.00,5543.00,5517.75,5540.50,25254
2025-04-24 18:00:00,5540.25,5553.00,5520.25,5533.00,36936
2025-04-24 22:00:00,5533.00,5549.25,5523.00,5532.25,46277
2025-04-25 02:00:00,5532.50,5536.50,5486.75,5496.25,104574
2025-04-25 06:00:00,5496.00,5535.50,5480.25,5534.75,543353
2025-04-25 10:00:00,5534.75,5562.25,5511.25,5552.50,509808
2025-04-27 14:00:00,5544.00,5547.50,5519.50,5521.50,21944
2025-04-27 18:00:00,5521.75,5528.75,5516.25,5521.00,18673
2025-04-27 22:00:00,5521.00,5544.00,5516.50,5540.25,34387
2025-04-28 02:00:00,5540.50,5554.50,5530.00,5552.00,60910
2025-04-28 06:00:00,5552.25,5578.75,5499.75,5507.50,583255
2025-04-28 10:00:00,5507.50,5565.75,5492.00,5545.50,414345
2025-04-28 14:00:00,5543.00,5560.00,5537.50,5558.50,15529
2025-04-28 18:00:00,5558.25,5573.75,5555.25,5557.25,19035
2025-04-28 22:00:00,5557.25,5573.75,5552.25,5566.25,29494
2025-04-29 02:00:00,5566.50,5567.75,5533.25,5536.50,81166
2025-04-29 06:00:00,5536.75,5577.25,5521.50,5553.00,564285
2025-04-29 10:00:00,5553.00,5597.25,5549.75,5582.75,456790
2025-04-29 14:00:00,5579.50,5583.00,5560.00,5562.50,16113
2025-04-29 18:00:00,5562.25,5565.50,5548.75,5558.75,18282
2025-04-29 22:00:00,5559.25,5582.25,5555.00,5571.00,32339
2025-04-30 02:00:00,5571.25,5581.25,5502.25,5512.00,99088
2025-04-30 06:00:00,5512.00,5544.25,5455.50,5536.75,776782
2025-04-30 10:00:00,5537.00,5626.25,5512.25,5619.25,766602
2025-04-30 14:00:00,5617.50,5643.75,5615.00,5640.75,37825
2025-04-30 18:00:00,5640.75,5649.00,5634.75,5644.00,23108
2025-04-30 22:00:00,5644.25,5653.25,5635.00,5651.50,39345
2025-05-01 02:00:00,5651.75,5662.25,5636.50,5639.50,74920
2025-05-01 06:00:00,5639.50,5682.50,5627.25,5637.50,641646
2025-05-01 10:00:00,5637.50,5668.25,5601.75,5611.75,490159
2025-05-01 14:00:00,5608.50,5663.25,5601.00,5658.50,35018
2025-05-01 18:00:00,5658.25,5674.00,5654.25,5668.00,36941
2025-05-01 22:00:00,5668.25,5669.25,5635.50,5635.75,47871
2025-05-02 02:00:00,5635.75,5692.75,5633.50,5690.50,98513
2025-05-02 06:00:00,5690.50,5721.50,5663.00,5715.75,603806
2025-05-02 10:00:00,5715.75,5724.75,5700.25,5710.50,489959
2025-05-04 14:00:00,5705.00,5705.25,5671.00,5681.00,24682
2025-05-04 18:00:00,5681.00,5681.00,5660.25,5664.25,26947
2025-05-04 22:00:00,5664.25,5680.50,5655.25,5659.50,31884
2025-05-05 02:00:00,5659.25,5668.50,5655.25,5664.75,45734
2025-05-05 06:00:00,5664.75,5698.75,5655.25,5695.50,449002
2025-05-05 10:00:00,5695.25,5706.25,5665.25,5671.25,373286
2025-05-05 14:00:00,5666.25,5673.25,5661.25,5665.25,11836
2025-05-05 18:00:00,5665.25,5667.75,5652.00,5659.00,17323
2025-05-05 22:00:00,5659.25,5660.50,5625.50,5634.50,41384
2025-05-06 02:00:00,5634.50,5643.25,5616.50,5627.00,78486
2025-05-06 06:00:00,5627.00,5671.75,5607.00,5629.75,600015
2025-05-06 10:00:00,5630.00,5651.50,5605.00,5615.00,493697
2025-05-06 14:00:00,5608.50,5689.75,5608.50,5675.50,61763
2025-05-06 18:00:00,5675.25,5680.50,5652.25,5660.75,22280
2025-05-06 22:00:00,5661.00,5662.75,5646.25,5659.50,30005
2025-05-07 02:00:00,5659.75,5667.75,5642.00,5645.25,47950
2025-05-07 06:00:00,5645.00,5656.50,5620.00,5649.25,480237
2025-05-07 10:00:00,5649.25,5675.00,5596.00,5645.75,679657
2025-05-07 14:00:00,5643.25,5669.25,5636.50,5664.50,20872
2025-05-07 18:00:00,5664.50,5700.50,5661.25,5697.75,38777
2025-05-07 22:00:00,5697.75,5706.75,5683.00,5706.00,43171
2025-05-08 02:00:00,5706.25,5717.50,5681.25,5693.25,104824
2025-05-08 06:00:00,5693.50,5741.00,5653.00,5739.00,662569
2025-05-08 10:00:00,5738.75,5739.75,5682.50,5684.50,482069
2025-05-08 14:00:00,5688.50,5690.50,5665.25,5675.00,19033
2025-05-08 18:00:00,5675.25,5695.75,5673.50,5691.25,20953
2025-05-08 22:00:00,5691.25,5698.25,5682.50,5685.75,31852
2025-05-09 02:00:00,5685.75,5715.25,5676.00,5703.50,77422
2025-05-09 06:00:00,5703.50,5710.50,5662.50,5668.50,487993
2025-05-09 10:00:00,5668.75,5694.00,5663.00,5684.00,343511
2025-05-11 14:00:00,5761.00,5768.50,5734.25,5751.50,50076
2025-05-11 18:00:00,5751.25,5762.75,5750.25,5761.00,19535
2025-05-11 22:00:00,5761.25,5853.75,5758.75,5830.25,149235
2025-05-12 02:00:00,5830.50,5865.75,5828.75,5848.25,165837
2025-05-12 06:00:00,5848.50,5855.00,5805.75,5847.00,700305
2025-05-12 10:00:00,5847.00,5876.25,5844.00,5868.25,586090
2025-05-12 14:00:00,5868.00,5869.75,5847.75,5849.00,18344
2025-05-12 18:00:00,5849.25,5854.50,5835.75,5840.50,26748
2025-05-12 22:00:00,5840.75,5851.00,5838.00,5839.00,37581
2025-05-13 02:00:00,5839.25,5885.50,5837.50,5868.50,93221
2025-05-13 06:00:00,5868.50,5920.25,5863.50,5915.75,614132
2025-05-13 10:00:00,5915.75,5927.00,5899.50,5900.75,469054
2025-05-13 14:00:00,5902.00,5909.50,5900.25,5903.75,15909
2025-05-13 18:00:00,5903.75,5911.25,5898.50,5908.25,19773
2025-05-13 22:00:00,5908.50,5917.75,5902.50,5905.25,39390
2025-05-14 02:00:00,5905.50,5924.50,5896.25,5915.25,78553
2025-05-14 06:00:00,5915.25,5925.00,5892.50,5909.50,521501
2025-05-14 10:00:00,5909.75,5917.50,5890.00,5906.00,465269
2025-05-14 14:00:00,5904.00,5904.00,5892.25,5899.50,17193
2025-05-14 18:00:00,5899.50,5903.00,5894.50,5898.50,15026
2025-05-14 22:00:00,5898.50,5899.00,5867.25,5870.50,48302
2025-05-15 02:00:00,5870.50,5898.25,5867.00,5887.00,83671
2025-05-15 06:00:00,5887.00,5936.75,5884.50,5936.50,555326
2025-05-15 10:00:00,5936.50,5944.50,5917.50,5934.00,504446
2025-05-15 14:00:00,5935.00,5940.00,5924.50,5925.50,14928
2025-05-15 18:00:00,5925.25,5935.75,5923.00,5933.00,13989
2025-05-15 22:00:00,5932.75,5952.50,5927.25,5948.50,29569
2025-05-16 02:00:00,5948.75,5958.00,5943.00,5945.25,49570
2025-05-16 06:00:00,5945.25,5957.25,5924.75,5954.50,519746
2025-05-16 10:00:00,5954.75,5977.50,5938.50,5948.50,445247
2025-05-18 14:00:00,5930.25,5948.00,5920.00,5931.50,37054
2025-05-18 18:00:00,5931.75,5935.50,5909.75,5913.00,27952
2025-05-18 22:00:00,5912.75,5923.50,5892.75,5897.75,49561
2025-05-19 02:00:00,5897.75,5919.00,5893.75,5917.50,67139
2025-05-19 06:00:00,5917.75,5979.50,5902.50,5977.25,534321
2025-05-19 10:00:00,5977.25,5987.50,5962.75,5980.50,463728
2025-05-19 14:00:00,5980.00,5993.50,5975.75,5982.00,27249
2025-05-19 18:00:00,5982.00,5982.00,5963.00,5967.00,22261
2025-05-19 22:00:00,5967.25,5974.25,5955.25,5962.00,34227
2025-05-20 02:00:00,5962.25,5974.50,5958.50,5966.25,42582
2025-05-20 06:00:00,5966.25,5971.25,5950.75,5964.50,450760
2025-05-20 10:00:00,5964.75,5969.00,5926.75,5954.00,483464
2025-05-20 14:00:00,5953.50,5958.25,5936.00,5953.00,22797
2025-05-20 18:00:00,5953.00,5955.50,5935.75,5938.00,18172
2025-05-20 22:00:00,5938.00,5943.50,5920.25,5927.00,32818
2025-05-21 02:00:00,5927.00,5934.00,5905.00,5923.00,73519
2025-05-21 06:00:00,5923.00,5956.25,5908.75,5946.25,510014
2025-05-21 10:00:00,5946.50,5948.00,5847.75,5858.75,812228
2025-05-21 14:00:00,5858.00,5872.25,5851.00,5871.50,24432
2025-05-21 18:00:00,5871.50,5874.25,5861.25,5862.75,18753
2025-05-21 22:00:00,5862.75,5876.75,5861.00,5869.00,38494
2025-05-22 02:00:00,5869.00,5875.00,5828.75,5859.25,114246
2025-05-22 06:00:00,5859.50,5885.00,5842.75,5859.75,645788
2025-05-22 10:00:00,5859.75,5895.00,5853.75,5868.00,514302
2025-05-22 14:00:00,5869.25,5872.00,5850.00,5865.25,17408
2025-05-22 18:00:00,5865.25,5868.00,5851.75,5854.00,18750
2025-05-22 22:00:00,5854.00,5871.50,5841.75,5860.75,34976
2025-05-23 02:00:00,5860.75,5861.25,5756.50,5774.75,222260
2025-05-23 06:00:00,5774.75,5822.25,5762.75,5815.00,674060
2025-05-23 10:00:00,5815.00,5843.75,5807.00,5814.75,493192
2025-05-25 14:00:00,5815.75,5876.75,5814.50,5865.50,35670
2025-05-25 18:00:00,5865.50,5879.75,5861.75,5878.25,15701
2025-05-25 22:00:00,5878.50,5895.00,5870.00,5883.25,31546
2025-05-26 02:00:00,5883.50,5892.25,5882.25,5884.75,15403
2025-05-26 06:00:00,5884.75,5893.00,5871.00,5891.00,39730
2025-05-26 14:00:00,5889.00,5890.50,5872.75,5882.25,18397
2025-05-26 18:00:00,5882.00,5882.00,5862.50,5869.00,17269
2025-05-26 22:00:00,5869.00,5912.50,5866.25,5900.75,42766
2025-05-27 02:00:00,5901.00,5910.00,5886.00,5891.75,60914
2025-05-27 06:00:00,5891.75,5932.25,5868.25,5924.75,535783
2025-05-27 10:00:00,5924.75,5941.75,5923.75,5940.25,416162
2025-05-27 14:00:00,5939.25,5941.75,5934.50,5935.75,14197
2025-05-27 18:00:00,5936.00,5938.75,5928.00,5928.50,13543
2025-05-27 22:00:00,5928.50,5932.75,5922.00,5922.75,29037
2025-05-28 02:00:00,5922.75,5945.75,5918.50,5938.25,53900
2025-05-28 06:00:00,5938.50,5952.50,5913.75,5923.75,505387
2025-05-28 10:00:00,5923.75,5932.75,5890.00,5902.75,514999
2025-05-28 14:00:00,5918.75,6002.75,5916.50,6000.25,93075
2025-05-28 18:00:00,6000.25,6005.75,5984.50,5999.00,42046
2025-05-28 22:00:00,5999.25,6008.00,5985.25,5991.25,54454
2025-05-29 02:00:00,5991.25,5994.50,5940.50,5946.75,106863
2025-05-29 06:00:00,5946.75,5957.75,5884.00,5921.50,644263
2025-05-29 10:00:00,5921.25,5930.75,5899.50,5917.25,429324
2025-05-29 14:00:00,5912.25,5919.50,5904.25,5907.25,20236
2025-05-29 18:00:00,5907.50,5913.00,5891.00,5909.75,20133
2025-05-29 22:00:00,5910.00,5923.00,5903.00,5911.50,31577
2025-05-30 02:00:00,5912.00,5922.75,5876.50,5899.00,99974
2025-05-30 06:00:00,5899.00,5920.50,5853.25,5865.00,671324
2025-05-30 10:00:00,5865.00,5932.75,5860.75,5913.75,709007
2025-06-01 14:00:00,5900.50,5909.25,5893.25,5899.75,23184
2025-06-01 18:00:00,5900.00,5904.25,5884.25,5886.75,26817
2025-06-01 22:00:00,5887.00,5894.75,5867.50,5887.50,50611
2025-06-02 02:00:00,5887.50,5901.50,5876.50,5899.00,60897
2025-06-02 06:00:00,5899.00,5922.50,5870.50,5920.50,565597
2025-06-02 10:00:00,5920.75,5955.50,5915.50,5949.25,415784
2025-06-02 14:00:00,5949.00,5949.50,5930.25,5933.50,20052
2025-06-02 18:00:00,5933.75,5936.25,5920.50,5923.25,23981
2025-06-02 22:00:00,5923.25,5928.50,5909.25,5919.75,50077
2025-06-03 02:00:00,5919.75,5943.75,5917.25,5940.25,51794
2025-06-03 06:00:00,5940.00,5987.25,5938.00,5985.25,498962
2025-06-03 10:00:00,5985.50,5991.25,5968.25,5980.25,462282
2025-06-03 14:00:00,5980.00,5988.00,5979.25,5982.50,13377
2025-06-03 18:00:00,5982.50,5985.00,5974.75,5976.00,17273
2025-06-03 22:00:00,5976.00,5996.00,5975.25,5988.50,34894
2025-06-04 02:00:00,5988.75,5996.75,5974.00,5982.25,69135
2025-06-04 06:00:00,5982.25,5998.75,5974.25,5986.75,557732
2025-06-04 10:00:00,5986.75,5999.00,5975.25,5976.75,352762
2025-06-04 14:00:00,5974.25,5981.00,5972.25,5976.50,13132
2025-06-04 18:00:00,5976.50,5979.00,5973.00,5977.75,14262
2025-06-04 22:00:00,5977.75,5996.50,5972.25,5987.00,35584
2025-06-05 02:00:00,5987.25,6016.50,5971.00,5991.50,91791
2025-06-05 06:00:00,5991.75,6009.00,5957.50,5965.75,677139
2025-06-05 10:00:00,5966.00,5988.00,5928.75,5939.75,667284
2025-06-05 14:00:00,5931.75,5957.00,5930.00,5954.00,22705
2025-06-05 18:00:00,5954.00,5967.25,5951.50,5967.00,18734
2025-06-05 22:00:00,5966.75,5974.75,5963.50,5970.25,29016
2025-06-06 02:00:00,5970.50,5997.50,5962.50,5993.50,84599
2025-06-06 06:00:00,5993.25,6025.00,5984.50,5992.25,641756
2025-06-06 10:00:00,5992.25,6020.75,5987.25,6010.00,413708
2025-06-08 14:00:00,6010.00,6015.75,5995.00,5999.50,19819
2025-06-08 18:00:00,5999.75,6000.50,5992.25,5998.50,15244
2025-06-08 22:00:00,5998.25,6015.75,5994.50,6014.25,27864
2025-06-09 02:00:00,6014.50,6019.75,6006.50,6013.25,36767
2025-06-09 06:00:00,6013.50,6026.50,6000.00,6022.00,377077
2025-06-09 10:00:00,6022.25,6027.75,6007.00,6012.00,366514
2025-06-09 14:00:00,6013.00,6021.00,6009.00,6019.50,10988
2025-06-09 18:00:00,6019.25,6040.75,6019.25,6030.75,31372
2025-06-09 22:00:00,6030.75,6033.75,5991.25,6008.25,64905
2025-06-10 02:00:00,6008.00,6022.25,6006.50,6019.00,44551
2025-06-10 06:00:00,6019.25,6037.50,6005.00,6036.00,449187
2025-06-10 10:00:00,6036.00,6049.50,6015.25,6040.50,428214
2025-06-10 14:00:00,6041.50,6052.25,6032.00,6032.50,27022
2025-06-10 18:00:00,6032.50,6035.00,6023.00,6023.50,18795
2025-06-10 22:00:00,6023.75,6042.50,6021.50,6037.75,32228
2025-06-11 02:00:00,6038.25,6074.75,6025.00,6058.75,141118
2025-06-11 06:00:00,6059.25,6064.75,6033.50,6048.25,630970
2025-06-11 10:00:00,6048.25,6058.50,6006.25,6028.00,668052
2025-06-11 14:00:00,6021.75,6032.00,6004.75,6008.75,30117
2025-06-11 18:00:00,6009.00,6013.75,5997.00,6013.00,26865
2025-06-11 22:00:00,6013.00,6020.50,5987.75,6004.25,52478
2025-06-12 02:00:00,6004.50,6015.00,5989.75,6013.50,83275
2025-06-12 06:00:00,6013.75,6050.00,6008.50,6037.75,587401
2025-06-12 10:00:00,6038.00,6051.25,6037.00,6042.50,355701
2025-06-12 14:00:00,6045.00,6045.00,5950.00,5959.50,118031
2025-06-12 18:00:00,5959.75,5967.25,5927.50,5954.50,108299
2025-06-12 22:00:00,5954.50,5985.75,5949.50,5974.75,89058
2025-06-13 02:00:00,5974.75,6001.75,5968.50,5991.75,108033
2025-06-13 06:00:00,5992.00,6029.75,5977.25,6021.75,570654
2025-06-13 10:00:00,6021.50,6023.00,5965.25,5978.25,515727
2025-06-15 14:00:00,6001.00,6042.75,6000.00,6041.00,19964
2025-06-15 18:00:00,6041.50,6047.25,6036.50,6039.00,7803
2025-06-15 22:00:00,6039.25,6068.75,6039.00,6065.75,23961
2025-06-16 02:00:00,6065.75,6077.25,6053.25,6070.25,36791
2025-06-16 06:00:00,6070.50,6109.00,6066.25,6091.25,361913
2025-06-16 10:00:00,6091.25,6101.00,6080.50,6091.00,307359
2025-06-16 14:00:00,6093.00,6093.50,6051.25,6070.50,48090
2025-06-16 18:00:00,6070.25,6076.75,6054.00,6065.50,27631
2025-06-16 22:00:00,6065.50,6075.00,6045.25,6061.25,45668
2025-06-17 02:00:00,6061.25,6071.25,6045.00,6059.25,55613
2025-06-17 06:00:00,6059.25,6081.25,6056.25,6061.00,472236
2025-06-17 10:00:00,6061.00,6065.00,6030.25,6037.75,512214
2025-06-17 14:00:00,6030.75,6045.00,6017.75,6043.00,31842
2025-06-17 18:00:00,6042.75,6049.25,6036.50,6043.25,16035
2025-06-17 22:00:00,6043.25,6057.00,6043.00,6055.00,26794
2025-06-18 02:00:00,6055.00,6062.75,6034.50,6042.00,58517
2025-06-18 06:00:00,6042.25,6073.75,6034.50,6056.00,439262
2025-06-18 10:00:00,6056.00,6072.25,6026.25,6036.00,540516
2025-06-18 14:00:00,6038.25,6038.25,6013.75,6023.50,18687
2025-06-18 18:00:00,6023.50,6028.75,5999.75,6028.00,27888
2025-06-18 22:00:00,6027.75,6027.75,5995.75,6008.75,33526
2025-06-19 02:00:00,6008.50,6015.00,5989.25,5992.75,31028
2025-06-19 06:00:00,5992.75,5999.50,5969.50,5978.25,116808
2025-06-19 14:00:00,5994.00,6029.00,5991.50,6018.75,33046
2025-06-19 18:00:00,6019.00,6025.25,6006.75,6022.25,18571
2025-06-19 22:00:00,6022.00,6033.50,6011.75,6013.00,39427
2025-06-20 02:00:00,6013.25,6055.75,6013.00,6053.50,79166
2025-06-20 06:00:00,6053.50,6071.00,6010.25,6029.00,635652
2025-06-20 10:00:00,6029.00,6035.50,6003.25,6025.00,497754
2025-06-22 14:00:00,5964.00,6007.75,5959.00,5993.50,50318
2025-06-22 18:00:00,5993.75,6003.75,5990.00,6001.75,16280
2025-06-22 22:00:00,6001.75,6039.25,6001.50,6033.00,43833
2025-06-23 02:00:00,6033.00,6038.00,6002.50,6026.75,61870
2025-06-23 06:00:00,6026.75,6058.25,5993.25,6010.75,627493
2025-06-23 10:00:00,6010.75,6081.50,6006.50,6077.50,499197
2025-06-23 14:00:00,6078.00,6113.00,6075.25,6107.00,48960
2025-06-23 18:00:00,6106.75,6116.50,6103.25,6111.50,25150
2025-06-23 22:00:00,6111.50,6143.75,6111.25,6125.50,77274
2025-06-24 02:00:00,6125.50,6136.00,6113.25,6119.25,61846
2025-06-24 06:00:00,6119.25,6148.75,6109.00,6143.25,428249
2025-06-24 10:00:00,6143.25,6155.25,6139.75,6143.50,359852
2025-06-24 14:00:00,6144.75,6148.75,6138.25,6147.75,13606
2025-06-24 18:00:00,6147.50,6148.00,6140.50,6148.00,10504
2025-06-24 22:00:00,6147.75,6149.75,6141.25,6148.00,25030
2025-06-25 02:00:00,6148.25,6157.25,6141.75,6157.00,46549
2025-06-25 06:00:00,6156.75,6160.25,6140.00,6143.00,402893
2025-06-25 10:00:00,6143.00,6149.75,6130.75,6146.00,358885
2025-06-25 14:00:00,6144.75,6150.50,6141.25,6148.75,13777
2025-06-25 18:00:00,6148.75,6155.50,6144.75,6154.75,11256
2025-06-25 22:00:00,6154.75,6170.50,6152.75,6166.25,28739
2025-06-26 02:00:00,6166.25,6171.00,6157.75,6166.50,49835
2025-06-26 06:00:00,6166.25,6187.50,6159.25,6184.75,433689
2025-06-26 10:00:00,6184.75,6200.00,6182.50,6195.75,424666
2025-06-26 14:00:00,6197.50,6205.25,6194.75,6195.75,18100
2025-06-26 18:00:00,6195.50,6204.25,6194.00,6200.00,13298
2025-06-26 22:00:00,6200.00,6215.00,6199.75,6212.00,33445
2025-06-27 02:00:00,6212.00,6220.75,6207.25,6209.50,54918
2025-06-27 06:00:00,6209.25,6239.00,6202.00,6234.75,462550
2025-06-27 10:00:00,6234.50,6234.75,6183.25,6220.75,684931
2025-06-29 14:00:00,6223.25,6245.00,6223.25,6240.25,31050
2025-06-29 18:00:00,6240.00,6250.00,6236.50,6247.50,22685
2025-06-29 22:00:00,6247.50,6255.00,6243.75,6246.75,37991
2025-06-30 02:00:00,6246.75,6253.50,6242.00,6245.25,50914
2025-06-30 06:00:00,6245.25,6250.50,6231.25,6241.00,451612
2025-06-30 10:00:00,6240.75,6265.50,6224.25,6245.25,658121
2025-06-30 14:00:00,6245.75,6256.50,6242.25,6255.50,19667
2025-06-30 18:00:00,6255.50,6257.75,6243.50,6244.25,17422
2025-06-30 22:00:00,6244.25,6250.50,6238.00,6244.00,40218
2025-07-01 02:00:00,6243.75,6244.50,6227.25,6234.25,59445
2025-07-01 06:00:00,6234.25,6254.25,6227.50,6243.50,644548
2025-07-01 10:00:00,6243.50,6261.50,6240.00,6248.25,482885
2025-07-01 14:00:00,6249.00,6255.00,6247.75,6253.25,10644
2025-07-01 18:00:00,6253.25,6267.75,6245.00,6265.50,17605
2025-07-01 22:00:00,6265.25,6270.75,6252.25,6255.00,32997
2025-07-02 02:00:00,6254.75,6258.50,6235.50,6240.00,73377
2025-07-02 06:00:00,6240.00,6268.25,6237.25,6268.00,487023
2025-07-02 10:00:00,6268.00,6279.50,6263.00,6277.00,363670
2025-07-02 14:00:00,6277.00,6279.75,6273.00,6277.25,7604
2025-07-02 18:00:00,6277.25,6284.00,6270.50,6279.25,13426
2025-07-03 06:00:00,6293.00,6333.25,6292.75,6323.00,506800
2025-07-03 10:00:00,6323.00,6326.75,6321.75,6324.50,11713
2025-07-03 18:00:00,6308.50,6309.50,6304.25,6306.50,25036
2025-07-03 22:00:00,6306.75,6308.75,6285.50,6286.50,30959
2025-07-04 02:00:00,6286.25,6291.00,6276.50,6284.75,29442
2025-07-04 06:00:00,6285.00,6324.25,6279.25,6283.50,36545
2025-07-06 14:00:00,6306.25,6313.00,6298.50,6301.50,20972
2025-07-06 18:00:00,6301.50,6306.00,6291.00,6297.50,19924
2025-07-06 22:00:00,6297.25,6298.50,6290.75,6294.00,25401
2025-07-07 02:00:00,6294.00,6315.00,6292.75,6302.75,50656
2025-07-07 06:00:00,6302.75,6309.75,6260.25,6266.00,571500
2025-07-07 10:00:00,6266.00,6282.50,6246.25,6263.25,501206
2025-07-07 14:00:00,6265.50,6275.75,6254.50,6273.75,22643
2025-07-07 18:00:00,6273.50,6280.00,6270.25,6276.25,49155
2025-07-07 22:00:00,6276.25,6289.00,6275.25,6283.00,30111
2025-07-08 02:00:00,6283.00,6286.75,6273.75,6282.25,36071
2025-07-08 06:00:00,6282.25,6288.75,6262.50,6275.25,579003
2025-07-08 10:00:00,6275.25,6280.75,6265.75,6271.75,347021
2025-07-08 14:00:00,6274.50,6276.75,6262.25,6265.00,11971
2025-07-08 18:00:00,6264.75,6270.75,6260.00,6268.25,14168
2025-07-08 22:00:00,6268.25,6274.25,6260.50,6271.75,23635
2025-07-09 02:00:00,6272.00,6290.25,6272.00,6287.00,43760
2025-07-09 06:00:00,6286.75,6315.25,6276.00,6287.50,643186
2025-07-09 10:00:00,6287.25,6310.00,6283.00,6306.25,354553
2025-07-09 14:00:00,6304.75,6312.25,6296.00,6296.50,15403
2025-07-09 18:00:00,6296.75,6299.50,6290.50,6292.00,18043
2025-07-09 22:00:00,6292.00,6301.50,6287.50,6300.50,29554
2025-07-10 02:00:00,6300.50,6311.25,6294.50,6302.50,41483
2025-07-10 06:00:00,6302.25,6324.50,6296.00,6322.00,458404
2025-07-10 10:00:00,6322.00,6335.50,6318.25,6321.50,324706
2025-07-10 14:00:00,6323.50,6330.25,6283.00,6292.25,62032
2025-07-10 18:00:00,6292.50,6311.50,6287.75,6309.25,28248
2025-07-10 22:00:00,6309.25,6310.50,6284.75,6291.00,44922
2025-07-11 02:00:00,6291.00,6295.00,6276.75,6289.50,59638
2025-07-11 06:00:00,6289.25,6310.25,6278.50,6307.50,467372
2025-07-11 10:00:00,6307.25,6312.75,6293.25,6300.00,386908
2025-07-13 18:00:00,6273.00,6274.00,6270.75,6270.75,1800
2025-07-13 22:00:00,6271.00,6281.75,6259.75,6279.00,34044
2025-07-14 02:00:00,6279.25,6285.75,6276.75,6282.50,34134
2025-07-14 06:00:00,6282.50,6307.75,6279.75,6305.50,457707
2025-07-14 10:00:00,6305.50,6315.00,6305.50,6309.50,302214
2025-07-14 14:00:00,6306.50,6307.25,6300.75,6302.75,11714
2025-07-14 18:00:00,6302.75,6335.75,6301.00,6323.25,43102
2025-07-14 22:00:00,6323.25,6333.25,6322.50,6329.00,35472
2025-07-15 02:00:00,6328.75,6343.00,6325.00,6335.25,96068
2025-07-15 06:00:00,6335.50,6342.25,6292.00,6294.25,620420
2025-07-15 10:00:00,6294.00,6311.00,6272.50,6273.75,423308
2025-07-15 14:00:00,6276.25,6277.25,6264.25,6272.50,20739
2025-07-15 18:00:00,6272.50,6278.25,6272.00,6274.50,14187
2025-07-15 22:00:00,6275.00,6281.25,6257.25,6279.00,37111
2025-07-16 02:00:00,6279.00,6300.50,6273.75,6297.25,62664
2025-07-16 06:00:00,6297.50,6302.00,6241.00,6292.25,913870
2025-07-16 10:00:00,6292.50,6308.75,6288.50,6299.00,360996
2025-07-16 14:00:00,6299.00,6299.25,6290.25,6296.75,15102
2025-07-16 18:00:00,6296.50,6297.75,6288.25,6293.00,11342
2025-07-16 22:00:00,6293.25,6311.50,6293.00,6305.75,32531
2025-07-17 02:00:00,6306.00,6315.00,6297.00,6314.25,53637
2025-07-17 06:00:00,6314.00,6336.50,6302.00,6329.50,469268
2025-07-17 10:00:00,6329.50,6345.50,6327.50,6342.25,399871
2025-07-17 14:00:00,6340.25,6350.75,6339.50,6347.00,13151
2025-07-17 18:00:00,6347.00,6352.75,6344.75,6350.75,12874
2025-07-17 22:00:00,6351.00,6357.00,6346.00,6348.75,29692
2025-07-18 02:00:00,6348.50,6350.25,6339.50,6348.00,44191
2025-07-18 06:00:00,6347.75,6353.50,6323.50,6325.25,539354
2025-07-18 10:00:00,6325.25,6337.00,6323.25,6335.25,337088
2025-07-20 14:00:00,6332.25,6343.75,6329.75,6341.75,12694
2025-07-20 18:00:00,6342.00,6345.00,6338.75,6343.00,10115
2025-07-20 22:00:00,6343.00,6354.50,6341.25,6352.00,23801
2025-07-21 02:00:00,6352.00,6354.00,6341.75,6342.50,33908
2025-07-21 06:00:00,6342.25,6374.00,6339.75,6370.75,403420
2025-07-21 10:00:00,6371.00,6373.75,6341.00,6348.50,407332
2025-07-21 14:00:00,6347.00,6351.50,6346.00,6347.75,11061
2025-07-21 18:00:00,6347.75,6352.00,6340.50,6341.50,17043
2025-07-21 22:00:00,6341.50,6347.00,6335.25,6337.25,33326
2025-07-22 02:00:00,6337.25,6349.25,6335.75,6348.00,45354
2025-07-22 06:00:00,6348.00,6349.50,6318.75,6336.00,565037
2025-07-22 10:00:00,6336.00,6353.75,6332.50,6347.25,420611
2025-07-22 14:00:00,6346.50,6364.25,6342.75,6351.00,29130
2025-07-22 18:00:00,6350.75,6363.00,6349.00,6362.25,18624
2025-07-22 22:00:00,6362.25,6371.75,6360.00,6371.25,36202
2025-07-23 02:00:00,6371.25,6374.25,6363.00,6369.50,48923
2025-07-23 06:00:00,6369.50,6385.00,6353.50,6375.50,556944
2025-07-23 10:00:00,6375.50,6407.25,6371.75,6405.75,457870
2025-07-23 14:00:00,6404.00,6405.00,6400.50,6402.00,13184
2025-07-23 18:00:00,6402.00,6406.75,6399.00,6401.00,13467
2025-07-23 22:00:00,6401.00,6403.50,6393.50,6400.75,27898
2025-07-24 02:00:00,6401.00,6406.75,6391.50,6398.00,55806
2025-07-24 06:00:00,6398.25,6415.50,6394.50,6405.50,476684
2025-07-24 10:00:00,6405.25,6418.25,6399.25,6406.50,433305
2025-07-24 14:00:00,6406.75,6414.75,6404.75,6414.00,13795
2025-07-24 18:00:00,6414.00,6421.25,6410.50,6411.25,16917
2025-07-24 22:00:00,6411.50,6414.50,6401.00,6406.25,27382
2025-07-25 02:00:00,6406.25,6410.25,6403.75,6407.00,27894
2025-07-25 06:00:00,6407.00,6424.50,6402.00,6423.25,360710
2025-07-25 10:00:00,6423.25,6431.00,6421.25,6428.25,325283
2025-07-27 14:00:00,6450.00,6455.00,6442.75,6450.75,25997
2025-07-27 18:00:00,6451.00,6454.50,6448.00,6454.00,12868
2025-07-27 22:00:00,6453.75,6457.75,6443.75,6444.50,35794
2025-07-28 02:00:00,6444.50,6445.50,6433.25,6439.25,46211
2025-07-28 06:00:00,6439.25,6439.50,6416.50,6422.50,433062
2025-07-28 10:00:00,6422.25,6425.50,6408.75,6424.50,360337
2025-07-28 14:00:00,6424.25,6429.00,6423.25,6427.25,11123
2025-07-28 18:00:00,6427.25,6433.50,6426.50,6431.75,11785
2025-07-28 22:00:00,6431.75,6439.50,6428.75,6436.75,24498
2025-07-29 02:00:00,6437.00,6442.50,6432.50,6434.25,41626
2025-07-29 06:00:00,6434.00,6440.00,6400.00,6415.00,573005
2025-07-29 10:00:00,6415.00,6419.25,6396.25,6403.50,413612
2025-07-29 14:00:00,6404.00,6413.00,6403.25,6412.00,11584
2025-07-29 18:00:00,6412.00,6416.00,6407.75,6415.50,11909
2025-07-29 22:00:00,6415.50,6416.75,6405.00,6410.00,23318
2025-07-30 02:00:00,6410.00,6417.50,6406.50,6410.75,46744
2025-07-30 06:00:00,6410.75,6421.00,6402.25,6417.00,371808
2025-07-30 10:00:00,6417.00,6435.25,6366.75,6425.50,769040
2025-07-30 14:00:00,6435.50,6448.25,6431.00,6447.50,28183
2025-07-30 18:00:00,6447.50,6459.25,6445.50,6458.00,20469
2025-07-30 22:00:00,6458.00,6468.50,6451.75,6461.50,45103
2025-07-31 02:00:00,6461.75,6462.50,6448.75,6456.00,71304
2025-07-31 06:00:00,6455.75,6456.25,6402.25,6430.00,728417
2025-07-31 10:00:00,6430.00,6430.00,6357.50,6368.75,853222
2025-07-31 14:00:00,6359.50,6373.50,6346.25,6356.75,39452
2025-07-31 18:00:00,6356.75,6372.50,6355.25,6364.25,24654
2025-07-31 22:00:00,6364.25,6365.50,6304.50,6315.00,93704
2025-08-01 02:00:00,6315.00,6331.00,6295.00,6306.75,171975
2025-08-01 06:00:00,6306.50,6314.25,6243.75,6260.25,1123774
2025-08-01 10:00:00,6260.00,6280.25,6239.50,6263.25,747562
2025-08-03 14:00:00,6257.00,6281.75,6251.25,6280.00,36387
2025-08-03 18:00:00,6280.25,6290.25,6275.50,6285.75,29122
2025-08-03 22:00:00,6285.75,6306.75,6279.25,6305.75,54990
2025-08-04 02:00:00,6306.00,6310.00,6294.50,6300.00,65377
2025-08-04 06:00:00,6300.00,6351.25,6298.25,6348.00,603071
2025-08-04 10:00:00,6348.00,6370.00,6340.00,6369.50,437078
2025-08-04 14:00:00,6370.00,6376.00,6360.25,6368.25,21112
2025-08-04 18:00:00,6368.50,6373.00,6362.50,6368.75,16913
2025-08-04 22:00:00,6369.00,6377.50,6358.50,6363.00,36255
2025-08-05 02:00:00,6363.00,6376.75,6361.75,6364.25,63539
2025-08-05 06:00:00,6364.00,6371.75,6315.50,6334.50,769593
2025-08-05 10:00:00,6334.25,6348.75,6320.75,6324.50,447376
2025-08-05 14:00:00,6327.25,6327.25,6313.25,6320.75,24763
2025-08-05 18:00:00,6321.00,6342.50,6319.00,6341.25,20504
2025-08-05 22:00:00,6341.25,6358.25,6340.00,6345.50,34524
2025-08-06 02:00:00,6345.50,6348.50,6330.75,6339.25,50597
2025-08-06 06:00:00,6339.25,6375.00,6325.75,6367.50,676299
2025-08-06 10:00:00,6367.50,6379.50,6364.25,6370.75,361288
2025-08-06 14:00:00,6368.75,6388.50,6364.25,6385.75,26218
2025-08-06 18:00:00,6385.50,6391.50,6380.75,6382.75,14785
2025-08-06 22:00:00,6382.75,6409.75,6380.25,6405.75,38049
2025-08-07 02:00:00,6406.00,6426.75,6402.25,6407.75,74552
2025-08-07 06:00:00,6408.00,6414.50,6344.00,6355.75,743801
2025-08-07 10:00:00,6355.75,6375.50,6334.50,6373.75,496384
2025-08-07 14:00:00,6373.00,6387.50,6372.00,6384.75,18375
2025-08-07 18:00:00,6384.50,6387.50,6377.25,6378.50,13918
2025-08-07 22:00:00,6378.75,6382.75,6369.25,6380.25,25188
2025-08-08 02:00:00,6380.25,6389.75,6376.25,6379.00,45997
2025-08-08 06:00:00,6379.25,6416.00,6377.00,6408.00,613536
2025-08-08 10:00:00,6408.00,6425.75,6402.75,6425.25,413071
2025-08-10 14:00:00,6422.75,6425.50,6413.00,6421.75,19969
2025-08-10 18:00:00,6421.75,6429.50,6420.25,6421.50,17462
2025-08-10 22:00:00,6421.50,6428.50,6408.50,6413.50,30920
2025-08-11 02:00:00,6413.50,6426.75,6413.25,6418.00,35457
2025-08-11 06:00:00,6418.00,6431.50,6406.75,6414.75,484171
2025-08-11 10:00:00,6414.75,6417.50,6387.50,6396.50,442731
2025-08-11 14:00:00,6396.00,6406.25,6393.00,6401.25,17217
2025-08-11 18:00:00,6401.50,6409.75,6399.50,6409.00,11724
2025-08-11 22:00:00,6409.00,6411.00,6392.25,6402.25,33331
2025-08-12 02:00:00,6402.00,6442.00,6391.25,6432.00,111328
2025-08-12 06:00:00,6432.00,6461.25,6408.50,6458.00,683318
2025-08-12 10:00:00,6458.00,6470.00,6455.25,6468.50,362812
2025-08-12 14:00:00,6468.00,6474.75,6464.00,6466.00,22073
2025-08-12 18:00:00,6466.00,6471.00,6461.00,6469.25,16544
2025-08-12 22:00:00,6469.50,6484.25,6463.00,6479.00,30523
2025-08-13 02:00:00,6479.25,6488.50,6477.50,6486.00,41102
2025-08-13 06:00:00,6486.25,6502.50,6466.75,6470.25,550242
2025-08-13 10:00:00,6470.25,6493.25,6467.00,6484.00,396345
2025-08-13 14:00:00,6485.00,6490.50,6479.75,6484.75,13948
2025-08-13 18:00:00,6484.75,6486.75,6481.25,6485.25,12360
2025-08-13 22:00:00,6485.50,6488.00,6477.00,6485.00,24236
2025-08-14 02:00:00,6484.75,6491.75,6453.25,6465.75,90120
2025-08-14 06:00:00,6465.50,6495.25,6460.00,6481.00,591750
2025-08-14 10:00:00,6481.25,6496.00,6478.50,6489.75,409764
2025-08-14 14:00:00,6489.25,6496.00,6486.75,6492.75,12539
2025-08-14 18:00:00,6492.50,6505.75,6492.00,6503.75,18600
2025-08-14 22:00:00,6503.75,6508.75,6494.00,6494.75,29762
2025-08-15 02:00:00,6494.50,6502.25,6490.00,6498.50,55891
2025-08-15 06:00:00,6498.25,6500.50,6461.50,6477.50,548859
2025-08-15 10:00:00,6477.50,6485.50,6464.00,6467.25,386975
2025-08-17 14:00:00,6467.00,6483.00,6466.25,6480.25,15041
2025-08-17 18:00:00,6480.25,6484.25,6478.00,6478.50,11371
2025-08-17 22:00:00,6478.25,6480.00,6456.75,6464.25,34866
2025-08-18 02:00:00,6464.50,6467.25,6456.00,6466.50,34474
2025-08-18 06:00:00,6466.50,6475.25,6457.25,6460.75,410061
2025-08-18 10:00:00,6460.75,6474.75,6460.00,6467.00,321865
2025-08-18 14:00:00,6468.50,6477.50,6462.00,6465.75,13807
2025-08-18 18:00:00,6466.00,6469.00,6456.75,6459.00,15289
2025-08-18 22:00:00,6459.25,6465.50,6454.00,6465.25,20122
2025-08-19 02:00:00,6465.25,6469.00,6459.50,6463.25,39363
2025-08-19 06:00:00,6463.25,6476.25,6427.75,6431.25,652268
2025-08-19 10:00:00,6431.25,6436.50,6419.25,6435.00,426320
2025-08-19 14:00:00,6433.00,6438.00,6422.25,6425.00,20068
2025-08-19 18:00:00,6424.75,6427.50,6409.25,6413.00,28569
2025-08-19 22:00:00,6412.75,6425.50,6409.00,6419.50,33752
2025-08-20 02:00:00,6419.75,6429.75,6417.75,6427.00,52060
2025-08-20 06:00:00,6427.00,6430.75,6362.75,6397.00,879121
2025-08-20 10:00:00,6396.75,6424.25,6385.50,6414.50,512450
2025-08-20 14:00:00,6414.25,6417.75,6401.25,6405.50,17454
2025-08-20 18:00:00,6405.25,6419.00,6401.00,6412.00,17402
2025-08-20 22:00:00,6412.25,6418.75,6403.00,6403.25,26666
2025-08-21 02:00:00,6403.25,6408.25,6384.75,6387.00,62637
2025-08-21 06:00:00,6386.75,6412.25,6375.50,6381.00,650379
2025-08-21 10:00:00,6381.00,6397.50,6370.25,6390.75,381865
2025-08-21 14:00:00,6392.00,6399.25,6385.25,6391.50,17923
2025-08-21 18:00:00,6391.50,6394.75,6385.50,6389.00,14918
2025-08-21 22:00:00,6389.00,6402.75,6364.00,6402.00,39104
2025-08-22 02:00:00,6402.00,6406.00,6398.00,6400.25,40089
2025-08-22 06:00:00,6400.25,6496.25,6399.25,6478.00,791415
2025-08-22 10:00:00,6477.75,6495.00,6474.00,6484.75,445852
2025-08-24 14:00:00,6493.00,6494.00,6477.75,6479.25,17972
2025-08-24 18:00:00,6479.25,6480.00,6471.50,6479.25,21154
2025-08-24 22:00:00,6479.25,6482.50,6470.75,6471.00,30589
2025-08-25 02:00:00,6471.25,6471.50,6460.75,6464.25,40325
2025-08-25 06:00:00,6464.50,6482.75,6463.75,6479.75,417591
2025-08-25 10:00:00,6479.50,6480.00,6453.00,6459.50,371774
2025-08-25 14:00:00,6460.25,6463.75,6430.75,6441.25,47773
2025-08-25 18:00:00,6441.50,6453.00,6437.75,6447.75,23652
2025-08-25 22:00:00,6448.00,6454.75,6435.00,6446.00,37195
2025-08-26 02:00:00,6446.00,6453.50,6443.00,6450.75,42897
2025-08-26 06:00:00,6450.75,6464.75,6444.50,6462.25,420342
2025-08-26 10:00:00,6462.25,6487.50,6453.50,6487.00,472536
2025-08-26 14:00:00,6486.75,6488.75,6483.25,6484.00,11538
2025-08-26 18:00:00,6484.00,6489.25,6483.75,6487.25,10762
2025-08-26 22:00:00,6487.25,6487.75,6478.00,6482.25,28096
2025-08-27 02:00:00,6482.25,6488.50,6477.75,6480.75,36143
2025-08-27 06:00:00,6480.50,6495.50,6472.25,6491.50,436879
2025-08-27 10:00:00,6491.50,6505.50,6459.25,6485.25,392480
2025-08-27 14:00:00,6485.00,6486.25,6471.00,6479.00,20171
2025-08-27 18:00:00,6479.00,6493.75,6478.50,6488.25,18058
2025-08-27 22:00:00,6488.00,6506.75,6485.00,6499.00,33220
2025-08-28 02:00:00,6499.00,6503.25,6490.50,6498.75,53096
2025-08-28 06:00:00,6498.75,6513.00,6480.75,6504.25,589147
2025-08-28 10:00:00,6504.50,6523.00,6502.25,6516.25,383263
2025-08-28 14:00:00,6516.00,6518.00,6511.50,6514.25,12307
2025-08-28 18:00:00,6514.25,6515.50,6509.50,6509.75,11232
2025-08-28 22:00:00,6510.00,6513.00,6492.00,6492.75,32608
2025-08-29 02:00:00,6493.00,6505.75,6488.75,6501.25,56776
2025-08-29 06:00:00,6501.00,6504.00,6455.50,6471.25,673234
2025-08-29 10:00:00,6471.25,6479.25,6458.50,6474.00,486968
2025-08-31 14:00:00,6478.75,6491.50,6474.25,6488.75,15062
2025-08-31 18:00:00,6488.75,6489.00,6465.00,6469.00,18082
2025-08-31 22:00:00,6469.00,6485.00,6459.50,6482.00,29659
2025-09-01 02:00:00,6481.75,6482.50,6470.25,6474.25,18723
2025-09-01 06:00:00,6474.25,6484.00,6467.75,6483.00,36057
2025-09-01 14:00:00,6480.75,6482.25,6465.75,6473.75,17376
2025-09-01 18:00:00,6474.00,6476.25,6464.00,6469.50,14897
2025-09-01 22:00:00,6469.50,6472.50,6427.75,6441.75,60650
2025-09-02 02:00:00,6441.75,6444.50,6387.25,6396.00,124656
2025-09-02 06:00:00,6396.00,6425.00,6371.75,6392.25,793792
2025-09-02 10:00:00,6392.25,6447.50,6388.00,6447.25,603643
2025-09-02 14:00:00,6448.00,6448.00,6432.00,6434.75,23123
2025-09-02 18:00:00,6434.25,6434.75,6426.25,6431.00,17411
2025-09-02 22:00:00,6431.00,6454.00,6425.50,6451.75,59718
2025-09-03 02:00:00,6451.75,6460.25,6444.25,6445.75,61596
2025-09-03 06:00:00,6445.75,6464.25,6436.00,6440.00,697698
2025-09-03 10:00:00,6440.00,6462.75,6426.50,6460.50,526705
2025-09-03 14:00:00,6460.00,6471.25,6454.50,6467.25,18127
2025-09-03 18:00:00,6467.25,6472.25,6458.50,6466.00,19262
2025-09-03 22:00:00,6465.75,6469.50,6458.50,6466.50,31405
2025-09-04 02:00:00,6466.50,6473.75,6461.50,6465.25,45781
2025-09-04 06:00:00,6465.00,6487.75,6456.25,6481.00,552766
2025-09-04 10:00:00,6481.00,6516.75,6480.75,6512.50,447803
2025-09-04 14:00:00,6515.75,6519.75,6513.00,6519.25,14318
2025-09-04 18:00:00,6519.50,6522.50,6517.50,6520.75,10646
2025-09-04 22:00:00,6520.50,6531.00,6519.25,6526.25,33634
2025-09-05 02:00:00,6526.50,6535.75,6502.50,6535.50,105754
2025-09-05 06:00:00,6535.75,6541.75,6452.00,6483.50,996332
2025-09-05 10:00:00,6483.50,6493.00,6464.75,6488.75,473991
2025-09-07 14:00:00,6483.75,6507.50,6480.25,6500.25,29349
2025-09-07 18:00:00,6500.25,6503.75,6493.75,6494.75,16704
2025-09-07 22:00:00,6494.75,6507.00,6493.75,6503.50,30915
2025-09-08 02:00:00,6503.25,6508.25,6496.75,6504.75,38654
2025-09-08 06:00:00,6505.00,6516.50,6495.25,6503.50,574118
2025-09-08 10:00:00,6503.50,6508.50,6490.25,6507.00,415830
2025-09-08 14:00:00,6507.75,6514.25,6506.75,6508.00,15208
2025-09-08 18:00:00,6508.00,6515.50,6504.00,6513.50,17550
2025-09-08 22:00:00,6513.50,6523.50,6508.25,6512.75,36484
2025-09-09 02:00:00,6512.75,6515.25,6507.00,6511.75,31505
2025-09-09 06:00:00,6511.50,6515.00,6489.25,6507.75,589763
2025-09-09 10:00:00,6507.75,6536.25,6507.25,6530.25,422561
2025-09-09 14:00:00,6532.25,6537.25,6526.75,6531.25,20232
2025-09-09 18:00:00,6531.25,6539.50,6529.75,6539.50,17113
2025-09-09 22:00:00,6539.25,6543.75,6531.00,6532.75,35595
2025-09-10 02:00:00,6532.75,6565.25,6529.50,6554.75,92571
2025-09-10 06:00:00,6554.75,6562.25,6538.00,6546.00,634624
2025-09-10 10:00:00,6546.00,6551.00,6522.50,6536.75,485824
2025-09-10 14:00:00,6535.75,6548.00,6535.50,6545.75,16453
2025-09-10 18:00:00,6545.75,6547.75,6539.50,6539.50,12821
2025-09-10 22:00:00,6539.75,6551.25,6537.25,6547.50,25660
2025-09-11 02:00:00,6547.50,6562.25,6535.50,6558.00,92075
2025-09-11 06:00:00,6557.75,6595.00,6552.00,6588.00,589198
2025-09-11 10:00:00,6588.00,6600.00,6585.00,6591.75,396864
2025-09-11 14:00:00,6596.25,6596.25,6590.25,6591.00,13866
2025-09-11 18:00:00,6591.25,6593.50,6586.25,6591.50,14782
2025-09-11 22:00:00,6591.50,6594.25,6576.00,6583.25,45753
2025-09-12 02:00:00,6583.00,6591.00,6581.75,6590.50,59918
2025-09-12 06:00:00,6590.50,6598.75,6585.00,6594.25,699636
2025-09-12 10:00:00,6594.50,6606.00,6583.00,6588.50,657386
2025-09-14 14:00:00,6589.00,6592.50,6585.25,6588.50,7976
2025-09-14 18:00:00,6588.75,6594.00,6588.50,6594.00,10812
2025-09-14 22:00:00,6593.75,6600.00,6586.25,6594.25,62052
2025-09-15 02:00:00,6594.00,6609.75,6591.00,6609.50,103754
2025-09-15 06:00:00,6609.50,6623.50,6606.75,6613.75,755319
2025-09-15 10:00:00,6613.75,6622.75,6605.50,6616.75,489948
2025-09-15 14:00:00,6616.50,6621.25,6614.00,6618.75,8007
2025-09-15 18:00:00,6619.00,6627.75,6618.00,6626.75,8350
2025-09-15 22:00:00,6626.75,6696.75,6625.25,6694.75,619600
2025-09-16 02:00:00,6695.75,6696.75,6624.00,6684.50,2172302
2025-09-16 06:00:00,6684.50,6688.25,6604.25,6669.00,13060753
2025-09-16 10:00:00,6669.00,6676.25,6610.25,6669.75,21199628
2025-09-16 14:00:00,6612.00,6674.50,6611.00,6672.00,39574
2025-09-16 18:00:00,6672.00,6672.75,6663.75,6665.50,9722
2025-09-16 22:00:00,6665.50,6673.00,6653.75,6665.50,39791
2025-09-17 02:00:00,6665.75,6669.50,6659.75,6667.75,42419
2025-09-17 06:00:00,6667.75,6675.75,6650.00,6652.00,439683
2025-09-17 10:00:00,6651.75,6686.50,6611.00,6665.75,859679
2025-09-17 14:00:00,6664.50,6684.50,6664.00,6678.00,25102
2025-09-17 18:00:00,6677.75,6693.50,6677.50,6692.75,27291
2025-09-17 22:00:00,6692.50,6719.00,6680.00,6718.00,59050
2025-09-18 02:00:00,6718.00,6719.75,6692.75,6693.00,80304
2025-09-18 06:00:00,6693.25,6718.00,6670.25,6709.00,701731
2025-09-18 10:00:00,6709.00,6711.00,6688.25,6698.75,431924
2025-09-18 14:00:00,6700.00,6705.75,6693.50,6696.50,17208
2025-09-18 18:00:00,6696.50,6703.00,6690.50,6698.75,20844
2025-09-18 22:00:00,6698.75,6699.50,6679.50,6693.00,36587
2025-09-19 02:00:00,6692.75,6706.25,6691.25,6702.50,46375
2025-09-19 06:00:00,6702.75,6712.50,6687.25,6710.00,589126
2025-09-19 10:00:00,6710.00,6731.50,6706.75,6719.75,508062
2025-09-21 14:00:00,6716.00,6721.25,6710.50,6711.50,17361
2025-09-21 18:00:00,6711.50,6719.00,6710.75,6715.75,15842
2025-09-21 22:00:00,6715.75,6718.25,6695.25,6704.25,40314
2025-09-22 02:00:00,6704.50,6708.50,6698.50,6703.25,45258
2025-09-22 06:00:00,6703.00,6749.25,6700.00,6748.25,507421
2025-09-22 10:00:00,6748.00,6756.75,6744.50,6749.75,390490
2025-09-22 14:00:00,6749.50,6752.50,6745.75,6749.75,12653
2025-09-22 18:00:00,6749.75,6753.25,6746.25,6747.50,12000
2025-09-22 22:00:00,6747.25,6754.75,6746.75,6750.50,35681
2025-09-23 02:00:00,6750.75,6753.25,6744.00,6751.75,38945
2025-09-23 06:00:00,6752.00,6756.50,6731.25,6734.00,483068
2025-09-23 10:00:00,6734.00,6735.25,6701.75,6716.50,628169
2025-09-23 14:00:00,6717.75,6722.50,6711.75,6717.50,17126
2025-09-23 18:00:00,6717.50,6721.00,6712.75,6720.75,12841
2025-09-23 22:00:00,6720.75,6728.00,6715.50,6724.50,35902
2025-09-24 02:00:00,6724.25,6728.75,6721.50,6726.75,35705
2025-09-24 06:00:00,6726.75,6728.50,6678.00,6687.00,629989
2025-09-24 10:00:00,6687.25,6700.00,6681.25,6697.00,456760
2025-09-24 14:00:00,6697.25,6703.00,6694.50,6702.25,11923
2025-09-24 18:00:00,6702.25,6705.25,6698.75,6700.00,12112
2025-09-24 22:00:00,6699.75,6700.50,6683.75,6690.00,33614
2025-09-25 02:00:00,6690.00,6692.50,6653.50,6658.75,103563
2025-09-25 06:00:00,6658.50,6675.00,6631.25,6659.00,852511
2025-09-25 10:00:00,6659.00,6666.50,6624.25,6662.00,618327
2025-09-25 14:00:00,6662.75,6669.00,6657.25,6662.00,16623
2025-09-25 18:00:00,6661.75,6663.75,6653.50,6653.75,24256
2025-09-25 22:00:00,6653.75,6674.50,6653.25,6660.25,42553
2025-09-26 02:00:00,6660.25,6690.25,6657.00,6681.50,76574
2025-09-26 06:00:00,6681.50,6703.75,6657.25,6692.50,723170
2025-09-26 10:00:00,6692.50,6703.00,6686.25,6697.75,391516
2025-09-28 14:00:00,6697.00,6713.50,6696.75,6711.00,19936
2025-09-28 18:00:00,6711.00,6719.00,6707.00,6717.25,18921
2025-09-28 22:00:00,6717.25,6731.50,6715.00,6731.00,40763
2025-09-29 02:00:00,6731.25,6736.00,6723.50,6733.25,61569
2025-09-29 06:00:00,6733.25,6735.75,6706.25,6708.50,555854
2025-09-29 10:00:00,6708.50,6716.25,6696.25,6708.50,444437
2025-09-29 14:00:00,6708.00,6715.50,6706.75,6714.75,12417
2025-09-29 18:00:00,6714.50,6717.00,6707.50,6708.75,17713
2025-09-29 22:00:00,6708.75,6715.75,6694.25,6703.00,38031
2025-09-30 02:00:00,6702.75,6710.50,6695.75,6708.00,50088
2025-09-30 06:00:00,6708.25,6718.00,6693.00,6705.00,620006
2025-09-30 10:00:00,6705.00,6743.50,6694.25,6724.00,687232
2025-09-30 14:00:00,6725.50,6733.25,6713.25,6714.75,25160
2025-09-30 18:00:00,6714.75,6717.00,6706.00,6708.50,22040
2025-09-30 22:00:00,6708.75,6709.75,6680.00,6696.00,78935
2025-10-01 02:00:00,6696.00,6715.25,6695.25,6710.50,89074
2025-10-01 06:00:00,6710.75,6747.50,6705.25,6744.25,570712
2025-10-01 10:00:00,6744.25,6769.50,6743.00,6757.00,464282
2025-10-01 14:00:00,6757.00,6769.00,6756.00,6767.50,16891
2025-10-01 18:00:00,6767.75,6771.75,6763.75,6769.00,20724
2025-10-01 22:00:00,6768.75,6775.00,6763.75,6774.00,37710
2025-10-02 02:00:00,6774.00,6781.00,6765.50,6779.25,51438
2025-10-02 06:00:00,6779.00,6782.25,6741.50,6758.25,622401
2025-10-02 10:00:00,6758.50,6771.50,6753.50,6765.00,384377
2025-10-02 14:00:00,6764.75,6775.25,6758.75,6773.25,13586
2025-10-02 18:00:00,6773.00,6781.50,6771.50,6781.25,15137
2025-10-02 22:00:00,6781.25,6785.75,6776.75,6784.50,28809
2025-10-03 02:00:00,6784.50,6787.50,6766.50,6770.50,49172
2025-10-03 06:00:00,6770.50,6800.00,6768.00,6795.25,508003
2025-10-03 10:00:00,6795.25,6795.50,6754.00,6763.00,693855
2025-10-05 14:00:00,6768.00,6783.50,6767.00,6777.50,21772
2025-10-05 18:00:00,6777.75,6787.50,6775.75,6786.00,15938
2025-10-05 22:00:00,6786.00,6786.25,6771.75,6782.50,38125
2025-10-06 02:00:00,6782.75,6794.00,6781.50,6782.50,68903
2025-10-06 06:00:00,6782.50,6791.75,6766.50,6789.75,506850
2025-10-06 10:00:00,6789.75,6797.75,6785.75,6790.25,390899
2025-10-06 14:00:00,6789.50,6793.00,6775.25,6777.25,19637
2025-10-06 18:00:00,6777.25,6786.00,6775.25,6785.25,12514
2025-10-06 22:00:00,6785.25,6786.00,6774.00,6783.25,33896
2025-10-07 02:00:00,6783.25,6799.50,6782.25,6798.75,44142
2025-10-07 06:00:00,6799.00,6802.75,6747.25,6754.50,820272
2025-10-07 10:00:00,6754.25,6767.75,6748.50,6765.00,441011
2025-10-07 14:00:00,6766.00,6770.25,6758.25,6765.25,16610
2025-10-07 18:00:00,6765.00,6772.50,6764.75,6770.25,15375
2025-10-07 22:00:00,6770.50,6774.50,6759.00,6770.00,34080
2025-10-08 02:00:00,6770.25,6776.25,6764.25,6771.25,48105
2025-10-08 06:00:00,6771.50,6802.75,6764.50,6798.75,506306
2025-10-08 10:00:00,6798.50,6807.75,6792.25,6803.25,380095
2025-10-08 14:00:00,6802.75,6812.25,6802.00,6806.00,15602
2025-10-08 18:00:00,6806.00,6807.25,6794.50,6801.75,27315
2025-10-08 22:00:00,6801.50,6807.50,6795.75,6797.25,33653
2025-10-09 02:00:00,6797.50,6805.75,6795.50,6805.00,42657
2025-10-09 06:00:00,6805.00,6809.50,6765.50,6767.00,679390
2025-10-09 10:00:00,6767.00,6782.50,6760.75,6779.75,517740
2025-10-09 14:00:00,6779.50,6791.75,6779.00,6790.00,15862
2025-10-09 18:00:00,6790.25,6792.75,6781.25,6782.75,16049
2025-10-09 22:00:00,6782.75,6792.75,6779.25,6788.25,34476
2025-10-10 02:00:00,6788.50,6790.50,6772.50,6783.25,59864
2025-10-10 06:00:00,6783.25,6806.50,6653.25,6655.25,1356916
2025-10-10 10:00:00,6655.25,6673.50,6540.25,6595.25,959741
2025-10-12 14:00:00,6655.50,6679.00,6646.25,6677.75,55696
2025-10-12 18:00:00,6677.75,6685.00,6668.50,6679.00,52870
2025-10-12 22:00:00,6678.75,6703.50,6672.25,6688.75,95248
2025-10-13 02:00:00,6688.50,6689.75,6653.25,6669.25,135919
2025-10-13 06:00:00,6669.25,6708.75,6661.75,6707.50,839929
2025-10-13 10:00:00,6707.50,6711.50,6681.50,6689.75,492826
2025-10-13 14:00:00,6691.00,6718.50,6688.00,6710.75,28610
2025-10-13 18:00:00,6710.50,6712.75,6660.75,6672.00,58382
2025-10-13 22:00:00,6672.25,6673.50,6623.25,6647.75,124351
2025-10-14 02:00:00,6647.75,6652.25,6605.75,6631.00,151673
2025-10-14 06:00:00,6631.00,6720.25,6593.25,6707.50,988682
2025-10-14 10:00:00,6707.50,6722.50,6666.00,6685.00,733948
2025-10-14 14:00:00,6684.25,6699.00,6683.50,6695.25,23647
2025-10-14 18:00:00,6695.25,6706.00,6687.25,6705.00,23250
2025-10-14 22:00:00,6705.25,6721.25,6705.25,6717.25,49032
2025-10-15 02:00:00,6717.50,6741.00,6716.75,6738.50,91140
2025-10-15 06:00:00,6738.75,6766.75,6702.00,6703.75,937398
2025-10-15 10:00:00,6703.75,6724.50,6651.50,6713.50,816818
2025-10-15 14:00:00,6715.25,6726.50,6702.50,6710.00,25182
2025-10-15 18:00:00,6710.00,6716.00,6705.75,6712.50,19794
2025-10-15 22:00:00,6712.75,6737.50,6710.75,6729.25,51379
2025-10-16 02:00:00,6729.25,6746.50,6728.00,6741.75,67591
2025-10-16 06:00:00,6742.00,6750.50,6654.75,6695.75,1076524
2025-10-16 10:00:00,6695.50,6704.75,6632.00,6659.25,914724
2025-10-16 14:00:00,6659.25,6669.25,6641.75,6651.50,37649
2025-10-16 18:00:00,6651.50,6663.00,6635.50,6636.75,38368
2025-10-16 22:00:00,6637.00,6637.50,6571.25,6591.00,139733
2025-10-17 02:00:00,6590.75,6672.00,6589.50,6658.50,249860
2025-10-17 06:00:00,6658.25,6697.50,6640.50,6680.00,1002205
2025-10-17 10:00:00,6680.00,6718.00,6665.00,6711.00,535979
2025-10-19 14:00:00,6721.00,6726.00,6694.00,6714.50,38057
2025-10-19 18:00:00,6714.50,6728.50,6709.25,6727.25,26258
2025-10-19 22:00:00,6727.00,6737.50,6718.50,6720.25,39495
2025-10-20 02:00:00,6720.00,6734.50,6711.50,6734.00,59255
2025-10-20 06:00:00,6733.75,6775.50,6732.00,6771.25,589530
2025-10-20 10:00:00,6771.25,6783.00,6770.00,6780.25,390899
2025-10-20 14:00:00,6779.50,6782.75,6776.00,6782.00,14314
2025-10-20 18:00:00,6781.75,6785.00,6771.50,6773.75,19014
2025-10-20 22:00:00,6774.00,6776.00,6763.25,6764.75,35152
2025-10-21 02:00:00,6764.75,6777.75,6764.25,6774.00,54783
2025-10-21 06:00:00,6774.00,6789.75,6759.25,6774.75,689587
2025-10-21 10:00:00,6774.75,6785.00,6764.75,6772.50,433946
2025-10-21 14:00:00,6776.00,6778.00,6765.25,6766.50,17759
2025-10-21 18:00:00,6766.25,6788.00,6764.00,6784.75,22668
2025-10-21 22:00:00,6784.75,6788.75,6772.00,6775.75,30069
2025-10-22 02:00:00,6775.50,6782.75,6765.50,6779.25,65707
2025-10-22 06:00:00,6779.25,6781.75,6698.00,6732.00,1027712
2025-10-22 10:00:00,6731.75,6744.75,6690.75,6737.50,679387
2025-10-22 14:00:00,6733.50,6740.50,6717.50,6737.00,23031
2025-10-22 18:00:00,6736.75,6750.25,6736.25,6741.50,25517
2025-10-22 22:00:00,6741.75,6751.75,6738.25,6744.75,35025
2025-10-23 02:00:00,6744.75,6746.75,6719.50,6736.00,70618
2025-10-23 06:00:00,6736.00,6774.00,6724.00,6772.75,674115
2025-10-23 10:00:00,6773.00,6785.75,6762.50,6777.75,488670
2025-10-23 14:00:00,6778.25,6782.00,6776.50,6781.00,11435
2025-10-23 18:00:00,6781.00,6788.50,6780.75,6787.75,17665
2025-10-23 22:00:00,6787.75,6798.25,6784.00,6789.75,38519
2025-10-24 02:00:00,6789.50,6837.25,6789.25,6812.75,100595
2025-10-24 06:00:00,6813.00,6841.25,6812.50,6836.00,633465
2025-10-24 10:00:00,6835.75,6841.00,6823.75,6825.25,400822
2025-10-26 14:00:00,6881.00,6890.00,6865.75,6872.25,45834
2025-10-26 18:00:00,6872.50,6881.25,6867.50,6879.25,26500
2025-10-26 22:00:00,6879.00,6889.00,6876.50,6881.00,41742
2025-10-27 02:00:00,6881.25,6889.00,6878.75,6883.00,58921
2025-10-27 06:00:00,6882.75,6895.00,6877.00,6893.75,502503
2025-10-27 10:00:00,6893.75,6916.25,6887.75,6914.00,458329
2025-10-27 14:00:00,6914.00,6917.75,6908.50,6909.00,17983
2025-10-27 18:00:00,6909.00,6910.25,6904.75,6905.00,19604
2025-10-27 22:00:00,6905.25,6909.75,6901.50,6906.75,33234
2025-10-28 02:00:00,6906.75,6918.25,6904.00,6916.00,48407
2025-10-28 06:00:00,6916.25,6930.00,6903.00,6924.25,561561
2025-10-28 10:00:00,6924.50,6944.75,6921.50,6927.50,479147
2025-10-28 14:00:00,6929.25,6931.50,6924.50,6926.00,13465
2025-10-28 18:00:00,6925.75,6940.00,6925.50,6938.75,24176
2025-10-28 22:00:00,6938.50,6949.25,6935.75,6937.25,35322
2025-10-29 02:00:00,6937.25,6948.50,6930.75,6942.00,57401
2025-10-29 06:00:00,6942.00,6952.00,6929.75,6940.00,509266
2025-10-29 10:00:00,6939.75,6945.50,6882.25,6918.00,824154
2025-10-29 14:00:00,6906.50,6940.00,6902.50,6933.00,31648
2025-10-29 18:00:00,6933.25,6953.75,6901.00,6914.25,86961
2025-10-29 22:00:00,6914.25,6939.00,6911.75,6922.00,53175
2025-10-30 02:00:00,6922.00,6929.75,6890.50,6891.00,106299
2025-10-30 06:00:00,6890.75,6913.75,6867.75,6898.25,811139
2025-10-30 10:00:00,6898.25,6900.50,6851.00,6894.00,672080
2025-10-30 14:00:00,6897.00,6903.25,6888.00,6901.00,27721
2025-10-30 18:00:00,6900.75,6904.50,6893.00,6901.00,25801
2025-10-30 22:00:00,6900.75,6906.25,6893.00,6903.25,33262
2025-10-31 02:00:00,6903.50,6918.50,6893.25,6905.75,80908
2025-10-31 06:00:00,6905.75,6906.25,6852.50,6855.00,789902
2025-10-31 10:00:00,6855.00,6900.00,6843.50,6872.25,728416
2025-11-02 14:00:00,6878.00,6899.25,6876.75,6891.50,29515
2025-11-02 18:00:00,6891.50,6896.00,6880.75,6884.75,24264
2025-11-02 22:00:00,6885.00,6902.25,6873.25,6894.75,38837
2025-11-03 02:00:00,6895.00,6903.00,6885.75,6896.50,50944
2025-11-03 06:00:00,6896.75,6909.50,6849.50,6889.25,744239
2025-11-03 10:00:00,6889.25,6893.25,6875.75,6884.00,414098
2025-11-03 14:00:00,6884.00,6884.00,6862.00,6866.00,26996
2025-11-03 18:00:00,6866.00,6866.25,6826.50,6830.00,51552
2025-11-03 22:00:00,6830.00,6830.50,6791.50,6792.75,99741
2025-11-04 02:00:00,6792.75,6820.50,6786.25,6809.00,111176
2025-11-04 06:00:00,6808.75,6849.25,6795.75,6809.25,784419
2025-11-04 10:00:00,6809.25,6816.00,6794.75,6806.25,551660
2025-11-04 14:00:00,6801.00,6806.50,6748.50,6760.00,73288
2025-11-04 18:00:00,6760.00,6798.75,6752.75,6789.00,60025
2025-11-04 22:00:00,6789.00,6801.25,6782.00,6794.00,49609
2025-11-05 02:00:00,6793.75,6807.75,6771.75,6805.50,85581
2025-11-05 06:00:00,6805.50,6857.75,6789.75,6851.00,684472
2025-11-05 10:00:00,6851.00,6857.50,6820.00,6827.50,448887
2025-11-05 14:00:00,6828.50,6835.00,6805.50,6815.00,36316
2025-11-05 18:00:00,6815.25,6827.50,6808.00,6818.00,25108
2025-11-05 22:00:00,6817.75,6827.50,6804.00,6823.75,41021
2025-11-06 02:00:00,6824.00,6843.50,6822.75,6832.00,46645
2025-11-06 06:00:00,6831.75,6834.25,6733.50,6757.75,1028815
2025-11-06 10:00:00,6757.75,6784.50,6738.00,6764.75,593355
2025-11-06 14:00:00,6763.00,6772.00,6742.50,6755.00,42940
2025-11-06 18:00:00,6755.25,6764.75,6732.00,6764.25,44360
2025-11-06 22:00:00,6764.50,6770.75,6748.25,6752.00,47593
2025-11-07 02:00:00,6752.00,6756.00,6712.25,6723.25,128656
2025-11-07 06:00:00,6723.25,6725.50,6655.50,6683.25,1014645
2025-11-07 10:00:00,6683.00,6765.75,6679.75,6765.00,761263
2025-11-09 14:00:00,6788.00,6798.00,6772.00,6797.25,56464
2025-11-09 18:00:00,6797.00,6806.25,6793.25,6803.50,31170
2025-11-09 22:00:00,6803.50,6823.50,6796.25,6819.25,63137
2025-11-10 02:00:00,6819.50,6821.75,6811.00,6819.75,54993
2025-11-10 06:00:00,6819.75,6840.75,6792.75,6837.75,793960
2025-11-10 10:00:00,6837.75,6865.75,6836.75,6857.75,520121
2025-11-10 14:00:00,6857.25,6867.00,6854.25,6861.00,21448
2025-11-10 18:00:00,6860.75,6864.00,6847.50,6847.75,26957
2025-11-10 22:00:00,6847.50,6856.75,6839.25,6840.25,37133
2025-11-11 02:00:00,6840.25,6847.25,6835.75,6841.25,51689
2025-11-11 06:00:00,6841.00,6866.25,6830.50,6864.75,689949
2025-11-11 10:00:00,6864.75,6880.00,6864.00,6874.00,475196
2025-11-11 14:00:00,6874.00,6885.50,6868.00,6884.00,26301
2025-11-11 18:00:00,6884.25,6889.25,6877.25,6886.00,25142
2025-11-11 22:00:00,6885.75,6900.50,6885.50,6898.25,38296
2025-11-12 02:00:00,6898.25,6900.50,6882.00,6895.25,51886
2025-11-12 06:00:00,6895.25,6895.50,6852.00,6879.25,736789
2025-11-12 10:00:00,6879.00,6884.25,6863.50,6873.25,463718
2025-11-12 14:00:00,6873.25,6889.50,6851.25,6884.25,53589
2025-11-12 18:00:00,6884.25,6890.25,6874.75,6887.75,22756
2025-11-12 22:00:00,6887.50,6892.50,6859.25,6865.50,39969
2025-11-13 02:00:00,6865.50,6876.00,6849.25,6851.25,65815
2025-11-13 06:00:00,6851.25,6853.50,6780.75,6782.50,1016995
2025-11-13 10:00:00,6782.50,6788.75,6746.00,6762.50,798154
2025-11-13 14:00:00,6762.75,6775.00,6762.75,6768.50,31901
2025-11-13 18:00:00,6768.75,6774.75,6743.75,6764.00,44040
2025-11-13 22:00:00,6763.75,6764.25,6728.25,6738.25,90451
2025-11-14 02:00:00,6738.00,6748.50,6677.75,6692.00,162304
2025-11-14 06:00:00,6692.25,6795.50,6670.50,6779.25,1071748
2025-11-14 10:00:00,6779.25,6789.75,6750.00,6765.25,624599
2025-11-16 14:00:00,6764.75,6780.25,6740.50,6770.75,44602
2025-11-16 18:00:00,6770.75,6788.25,6770.00,6780.75,25148
2025-11-16 22:00:00,6780.75,6801.50,6778.25,6787.50,43035
2025-11-17 02:00:00,6787.25,6787.75,6734.50,6747.50,78257
2025-11-17 06:00:00,6747.50,6774.75,6714.75,6729.50,803343
2025-11-17 10:00:00,6729.50,6736.25,6658.50,6697.25,826035
2025-11-17 14:00:00,6696.50,6708.75,6685.00,6704.00,39066
2025-11-17 18:00:00,6704.00,6707.75,6638.75,6656.25,86851
2025-11-17 22:00:00,6656.50,6685.75,6635.50,6680.75,85704
2025-11-18 02:00:00,6680.50,6682.25,6643.25,6661.75,90336
2025-11-18 06:00:00,6661.50,6679.75,6594.00,6672.75,1327062
2025-11-18 10:00:00,6673.00,6687.50,6624.75,6627.75,821220
2025-11-18 14:00:00,6630.75,6647.50,6622.50,6633.75,43842
2025-11-18 18:00:00,6634.00,6652.50,6613.25,6630.50,44257
2025-11-18 22:00:00,6630.25,6659.00,6626.75,6658.00,55662
2025-11-19 02:00:00,6658.25,6668.75,6650.25,6652.75,78170
2025-11-19 06:00:00,6652.75,6709.00,6622.00,6648.50,1039505
2025-11-19 10:00:00,6648.50,6704.25,6628.25,6696.00,711962
2025-11-19 14:00:00,6697.50,6743.25,6694.00,6742.00,50392
2025-11-19 18:00:00,6741.75,6754.00,6737.50,6746.50,34981
2025-11-19 22:00:00,6746.75,6757.00,6725.50,6729.00,60238
2025-11-20 02:00:00,6729.00,6772.75,6724.00,6767.75,113641
2025-11-20 06:00:00,6767.75,6791.25,6588.25,6606.50,1565180
2025-11-20 10:00:00,6606.75,6654.00,6550.50,6552.00,1056713
2025-11-20 14:00:00,6560.00,6589.00,6539.25,6583.25,65809
2025-11-20 18:00:00,6583.50,6594.00,6566.25,6572.25,52340
2025-11-20 22:00:00,6572.25,6585.00,6551.50,6552.50,85804
2025-11-21 02:00:00,6552.50,6599.00,6525.00,6590.75,210976
2025-11-21 06:00:00,6590.50,6647.00,6539.00,6633.25,1214062
2025-11-21 10:00:00,6633.50,6677.50,6600.25,6631.50,854408
